id,name,description,url,image_cover_url,follower_count,section_count,pin_count,category,privacy,modifiedAt,owner_username,owner_full_name,owner_image_medium_url
1086704653776102837,Barcelona Shopping,"I share top tips and recommendations for Barcelona shopping, from local boutiques to well-known brands. Follow for fresh ideas and inspiration so you can find the best places to shop in Barcelona.",/splendidlyspain/barcelona-shopping/,https://i.pinimg.com/200x150/08/5f/7e/085f7e0ba21853239cb1b89c5fc88612.jpg,50,0,7,,public,2026-06-15 13:05:21,splendidlyspain,Splendidly Spain | Spain Travel Blog,https://i.pinimg.com/75x75_RS/47/7a/9c/477a9c639077074e929d33e1dd1e560e.jpg
836684505712752607,dessert,,/sirihjartholm/dessert/,https://i.pinimg.com/200x150/4d/83/c6/4d83c6cc1ef91034624a210b36f68105.jpg,0,0,8,food_drink,public,2025-10-02 07:52:46,sirihjartholm,Siri,https://s.pinimg.com/images/user/default_75.png
1006484285413946434,Chicken Recipes,Board for Chicken Recipes,/flirtyfood/chicken-recipes/,https://i.pinimg.com/150x150/a6/06/14/a60614ef8337284026cbfc2e37d37e2a.jpg,428,0,216,food_drink,public,2026-03-10 07:33:25,flirtyfood,Elenas Best Recipes (Flirtyfood.com),https://i.pinimg.com/75x75_RS/fb/71/41/fb71413512f8ca4b2ffbbecd7f449813.jpg
503558870774833504,recipes,,/shauser8/recipes/,https://i.pinimg.com/200x150/4c/d3/ad/4cd3ad71fd6f5e849663a12c9326c40c.jpg,4,0,112,food_drink,public,2026-06-04 03:31:58,shauser8,Sheri Makkos,https://s.pinimg.com/images/user/default_75.png
61432051106527214,Supper,,/lisaleblanc1/supper/,https://i.pinimg.com/200x150/c9/85/42/c98542e1530303e3e96b72f773d7e2c3.jpg,21,0,43,,public,2026-04-12 01:45:41,lisaleblanc1,Lisa Leblanc,https://i.pinimg.com/75x75_RS/24/b5/d7/24b5d7e27df028476fbe363fd1216b4d.jpg
1085649122614182823,"Easy Meals, Quick Recipes & Family Dinner Ideas","Easy meals, quick recipes, family dinner ideas, simple home cooking, and practical food inspiration for busy days. Perfect for saving flavorful, balanced dishes that feel approachable, comforting, and easy to make with everyday ingredients.",/asimonarisac/easy-meals-quick-recipes-family-dinner-ideas/,https://i.pinimg.com/200x150/99/c0/0c/99c00c958cb6560b5ad19173287bcd2d.jpg,13,0,1204,,public,2026-06-24 11:42:39,asimonarisac,"Meals, Easy Recipes & Everyday Home Cooking Ideas",https://i.pinimg.com/75x75_RS/f3/35/30/f3353065b72bd89a84fc4f3236cc6971.jpg
1129699956468554406,Recipes,,/dakewix/recipes/,https://i.pinimg.com/200x150/de/e2/77/dee2776df999bb5decaadd956475bca0.jpg,0,0,2700,food_drink,public,2026-06-23 03:08:43,dakewix,Sweet & Savory Delights,https://i.pinimg.com/75x75_RS/d2/eb/5b/d2eb5bacdd11750a6a45a1369389a46c.jpg
812196182738226314,Stephanie's Sweet Treats Recipes,These recipes come from the food blog stephaniessweetsblog.com. These are decadent dessert recipes that are easy to make. These dessert recipes are approved by the family. They can be easy baking or desserts for a party.,/stephaniesweettreats/stephanies-sweet-treats-recipes/,https://i.pinimg.com/custom_covers/200x150/812196182738226314_1598118900.jpg,25268,0,2370,food_drink,public,2026-05-30 22:24:56,stephaniesweettreats,Stephanie Sweet Treats,https://i.pinimg.com/75x75_RS/37/7b/4f/377b4f910852ffad3fe4e9b335c03ca9.jpg
766034286558061792,Asian Recipes,"Easy Asian recipes inspired by Vietnamese, Korean, Japanese, and Chinese flavors. Find weeknight dinners, noodles, rice dishes, and comforting meals you can make at home.",/takestwoeggs/asian-recipes/,https://i.pinimg.com/custom_covers/200x150/766034286558061792_1647913566.jpg,10782,0,2520,,public,2026-06-23 00:52:16,takestwoeggs,"Takes Two Eggs | Easy Recipes, Travel & Food Guides",https://i.pinimg.com/75x75_RS/27/c3/03/27c303ec8c5d3225c04c28f510afce08.jpg
198088152299567260,Appartement,,/hickone/appartement/,https://i.pinimg.com/200x150/de/cd/da/decdda6f29f6986ae68bde9def16994e.jpg,79,0,43,,public,2026-03-24 10:21:39,hickone,Tchuck Hickone,https://i.pinimg.com/75x75_RS/f6/d7/c4/f6d7c417a57af3c4b7c8ba4dabf96d56.jpg
844847280037598305,Tropical Mango Chickpea Pickle Creations,"Explore the vibrant flavors of mango chickpea pickle with a collection of recipes, tips, and inspiration. Perfect for spice enthusiasts and food lovers seeking to add a tangy twist to their culinary creations.",/chikaemo_guitarrock/tropical-mango-chickpea-pickle-creations/,https://i.pinimg.com/200x150/30/13/33/301333d984bf244d1fd7ee2daab619b9.jpg,14,0,18,,public,2025-04-12 01:47:40,chikaemo_guitarrock,Ruth Gomez,https://s.pinimg.com/images/user/default_75.png
397020592090393768,St. Patrick's Day desserts,,/cllnrmsy/st-patricks-day-desserts/,https://i.pinimg.com/200x150/ef/5c/8c/ef5c8cca28926830c3e795bfab71ca07.jpg,181,0,113,,public,2026-06-16 02:51:31,cllnrmsy,Colleen Ramsey,https://s.pinimg.com/images/user/default_75.png
741405226096646116,Blackberry frosting,,/dugansharon12/blackberry-frosting/,https://i.pinimg.com/200x150/1b/02/06/1b0206b9fd7c65293bb3aed7f1f01d63.jpg,15,0,4,,public,2026-06-16 02:42:13,dugansharon12,Sharon Dugan,https://i.pinimg.com/75x75_RS/ec/15/dc/ec15dcd8374cfc155454e79c1b3ecb76.jpg
595812294393019119,Acessórios 👑,,/VitoriaVigatoo/acess%C3%B3rios/,https://i.pinimg.com/200x150/6c/c3/c3/6cc3c39e34b5f4d4a7752828d7f71182.jpg,10,0,8,,public,2026-04-03 02:12:11,VitoriaVigatoo,Vitoria,https://s.pinimg.com/images/user/default_75.png
1151584635908553990,Comfort Food Recipes,"Indulge in classic comfort food recipes that bring warmth and satisfaction to your kitchen. Find cozy meal ideas, homemade favorites, and hearty dishes perfect for family gatherings or a relaxing night in.",/DailyHomeCooking/comfort-food-recipes/,https://i.pinimg.com/200x150/21/83/b4/2183b495b194050fd1a965d513998921.jpg,11,0,121,,public,2026-06-24 03:20:40,DailyHomeCooking,Daily Home Cooking,https://s.pinimg.com/images/user/default_75.png
127367564400610294,Card Making Ideas,,/jerseygirl2649/card-making-ideas/,https://i.pinimg.com/200x150/cd/d0/2c/cdd02c153fde619147431987624839a5.jpg,35,38,2437,diy_crafts,public,2026-06-24 04:36:40,jerseygirl2649,Patti Priester,https://i.pinimg.com/75x75_RS/27/9f/4e/279f4efff5120733d7f05093891862a7.jpg
397583542043864332,Cinnamon Rolls with Cream Cheese Frosting,"Explore the delightful world of Zimtschnecken, where classic American cinnamon rolls meet rich cream cheese frosting. Find inspiration for baking these sweet treats, perfect for breakfast indulgence or a cozy afternoon snack. Embrace the warmth and sweetness in every bite.",/SCarter1107/cinnamon-rolls-with-cream-cheese-frosting/,https://i.pinimg.com/200x150/b9/a2/87/b9a287367de54671bc4a2c530709cf95.jpg,23,0,12,,public,2025-04-09 04:03:41,SCarter1107,Latasha Elkins,https://s.pinimg.com/images/user/default_75.png
48343464689107041,**FOOD LOVE**,"Delicious pins from awesome food bloggers! The sweet, the savory and everything in between. Board is closed to accepting new contributors at this time. Pinners please limit pins to 3 per day.",/cookingclassy/food-love/,https://i.pinimg.com/custom_covers/200x150/48343464689107041_1382023233.jpg,1004267,0,279624,food_drink,public,2026-06-24 12:23:26,cookingclassy,Cooking Classy,https://i.pinimg.com/75x75_RS/44/56/45/445645307aba2586b1f208bac2f43b09.jpg
224476431365705176,Bread Recipes,"Nothing compares to freshly baked homemade bread for breakfast and brunch, an appetizer and side dish, or dessert! Enjoy different types of bread recipes including quick bread, monkey bread, sweet bread, savory bread, dinner rolls, pizza dough, and more!",/crazyforcrust/bread-recipes/,https://i.pinimg.com/custom_covers/200x150/224476431365705176_1414548629.jpg,451611,0,1898,food_drink,public,2026-06-24 06:06:22,crazyforcrust,Crazy for Crust,https://i.pinimg.com/75x75_RS/40/dd/bf/40ddbf09072c18f84fd19ee910236285.jpg
498984902403557245,Vegan Recipes,Recipes I want to try.,/gaiawolfwitch/vegan-recipes/,https://i.pinimg.com/200x150/72/c7/77/72c777bba02b4e858fa04d8782c0dc64.jpg,69,0,132,food_drink,public,2024-08-04 03:32:16,gaiawolfwitch,Ceri Clark,https://i.pinimg.com/75x75_RS/24/5b/57/245b578f7621cac82cbc9507a04c5522.jpg
1097189596659462000,Fresh Salad Recipes,"Fresh and easy salad recipes for every season — crisp greens, colorful veggies and simple combos that make eating healthy actually delicious.",/crispandgreenb/fresh-salad-recipes/,https://i.pinimg.com/custom_covers/200x150/1097189596659462000_1780345135.jpg,22,0,308,,public,2026-06-24 12:16:38,crispandgreenb,Crisp & Green | Easy Salad Recipes,https://i.pinimg.com/75x75_RS/69/e7/15/69e7155bd015ab15c39138bfdea6c272.jpg
1028720808573683344,Recipes to make,,/genesisgonzalez0004/recipes-to-make/,https://i.pinimg.com/200x150/91/e0/1a/91e01a98faa8b43e4a4f1d157b4372db.jpg,1,0,861,,public,2026-02-24 02:17:24,genesisgonzalez0004,Genesis Gonzalez,https://i.pinimg.com/75x75_RS/46/4d/f1/464df1500bb126ec872eaab73fb2d090.jpg
841047367852044509,Mother of the bride- hair,,/bartlett7258/mother-of-the-bride-hair/,https://i.pinimg.com/200x150/e5/05/c4/e505c4897d181d783bc5277894530120.jpg,4,0,42,,public,2025-08-31 20:52:42,bartlett7258,Sandra Bartlett,https://s.pinimg.com/images/user/default_75.png
807974058088087903,Products,,/aliexpress/_products/,https://i.pinimg.com/200x150/d9/7d/d6/d97dd68c2d5d48866ad7f627d33deeed.jpg,4071979,0,833896057,products,protected,2026-06-24 14:12:51,aliexpress,AliExpress,https://i.pinimg.com/75x75_RS/5c/2a/98/5c2a98ff5cc06e3a21c92138f97e1649.jpg
958703908117066800,Cupcake Heaven 🧁,,/lwork5178/cupcake-heaven/,https://i.pinimg.com/200x150/7c/5f/03/7c5f039f449cd3b096008fba25905498.jpg,371,0,427,,public,2026-06-18 13:29:23,lwork5178,Vital Vibes,https://i.pinimg.com/75x75_RS/0b/0d/e3/0b0de3abcdf03235dddacbaa9b62b350.jpg
176133104115647314,yummy yummy in my tummy,,/karamm/yummy-yummy-in-my-tummy/,https://i.pinimg.com/200x150/fb/e8/0d/fbe80dc9598241108b8b32da5bad39d1.jpg,84,0,123,food_drink,public,2026-01-15 22:14:32,karamm,Kara MacDonald,https://i.pinimg.com/75x75_RS/e5/9e/95/e59e95f5e71dcfb980012cf8394369d3.jpg
353814183164641144,Easy Weeknight Dinners,,/dockett77/easy-weeknight-dinners/,https://i.pinimg.com/200x150/3a/b0/57/3ab057d9e6b991e4849e04463c7daaf1.jpg,90,0,1143,,public,2026-06-24 10:33:05,dockett77,Meisha Dockett,https://i.pinimg.com/75x75_RS/61/70/8f/61708f0ec3747304a675380a8b7e4f36.jpg
613615586669230404,Quick Saves,,/omarjaberjo/_quick_saves/,https://i.pinimg.com/200x150/c6/8e/77/c68e7726ddcce57c91ed9faa105936f3.jpg,21,0,115,,public,2026-01-16 16:50:45,omarjaberjo,✨Sara✨,https://i.pinimg.com/75x75_RS/e1/1e/e7/e11ee7142e2746832775c063ea29e05a.jpg
967781476115136409,Potatoes,,/skaytanner/potatoes/,https://i.pinimg.com/200x150/dc/28/fb/dc28fbd1513b54cb5110efc04160662a.jpg,2,0,100,,public,2026-05-24 16:20:30,skaytanner,Skaytanner,https://s.pinimg.com/images/user/default_75.png
716846534378440691,Savory Carne Guisada & Homemade Tortillas,"Explore the rich flavors of Carne Guisada, a savory Mexican stew paired perfectly with homemade flour tortillas. This board offers recipes, cooking tips, and presentation ideas for creating an authentic and comforting dining experience at home.",/natha_dulce_/savory-carne-guisada-homemade-tortillas/,https://i.pinimg.com/200x150/3f/8a/9c/3f8a9c1c2076ab2c4433780bc886a8f6.jpg,14,0,1,,public,2024-12-15 00:52:26,natha_dulce_,Mamie Thomas,https://s.pinimg.com/images/user/default_75.png
485614841009090907,Bread Recipes,"Homemade Breads - is there anything better? From slow rising yeast breads, to quick flat-breads. So many ways to indulge your carb cravings!",/cookwithmanali/bread-recipes/,https://i.pinimg.com/custom_covers/200x150/485614841009090907_1629823699.jpg,58054,0,616,food_drink,public,2026-05-21 21:46:09,cookwithmanali,Cook With Manali,https://i.pinimg.com/75x75_RS/f4/e1/e8/f4e1e80c6d055816d77b7cae9fa22d33.jpg
1141592274235167338,White Fish & Shellfish | Light & Delicate,"Lemon herb cod, parmesan-crusted halibut, buttery scallops, and steamed clams in white wine. Simple preparations that let the seafood shine. Elegant enough for company, easy enough for Tuesday .",/ragonuregaso/white-fish-shellfish-light-delicate/,https://i.pinimg.com/200x150/96/00/3e/96003e82cc8c62b26327bbef3645c72e.jpg,270,0,1911,,public,2026-06-24 12:36:41,ragonuregaso,Seafood & Grill Master | Ultimate Recipe Collections,https://i.pinimg.com/75x75_RS/be/e5/05/bee505f69082c6d5ef1aac21d5700800.jpg
464293111523240249,Recipes,food_drink,/suestacy792/recipes/,https://i.pinimg.com/200x150/d7/4e/1f/d74e1f47210a9eae9a5ee075d92124f9.jpg,23,0,657,food_drink,public,2026-03-12 03:21:43,suestacy792,Sue Stacy,https://s.pinimg.com/images/user/default_75.png
801429764878806503,Dairy-Free: Eat Breakfast!,,/averi2yib29/dairy-free-eat-breakfast/,https://i.pinimg.com/200x150/67/55/b1/6755b17df9519da3bcba6d61ff011fbc.jpg,63,0,1548,,public,2024-01-10 13:32:08,averi2yib29,Breakfast Ideas,https://i.pinimg.com/75x75_RS/80/6c/79/806c79492891fe27bf9f172d31a8b8d0.jpg
1029494864759746927,recipes,,/bebeecharo/recipes/,https://i.pinimg.com/200x150/ea/45/9d/ea459dfdebbc51ad13200a5337c71f4d.jpg,26,0,100,food_drink,public,2025-10-12 23:48:28,bebeecharo,Savannah Williams,https://s.pinimg.com/images/user/default_75.png
84161155475501170,"Sandwich, Wraps, Pitas & Paninis Recipes",,/dianelleestrong/sandwich-wraps-pitas-paninis-recipes/,https://i.pinimg.com/custom_covers/200x150/84161155475501170_1413564281.jpg,1539,0,1752,food_drink,public,2026-06-09 19:14:10,dianelleestrong,Diane Lynn Lee-Strong,https://i.pinimg.com/75x75_RS/2b/8b/15/2b8b15d36bf13d9dfa30f0cff86511c4.jpg
278660364382577214,Desserts,,/nschafer16/desserts/,https://i.pinimg.com/200x150/2f/5c/8a/2f5c8abf4e9e32c974122a16bee7fe59.jpg,75,0,104,food_drink,public,2025-07-19 18:20:35,nschafer16,Noreen Schafer,https://i.pinimg.com/75x75_RS/63/d5/5f/63d55f0a05f44952e3ad540ac167b38a.jpg
1027243064946096217,Fresh & Easy Salads,,/srsenlbrulll3byp/fresh-easy-salads/,https://i.pinimg.com/200x150/ac/d6/ec/acd6ec37d81577f8788de2941879667c.jpg,1,0,545,,public,2025-12-18 19:27:23,srsenlbrulll3byp,Savor & Spice with Amelia,https://i.pinimg.com/75x75_RS/fc/9f/ab/fc9fab294c58bc0214006b6c43c23a16.jpg
881720501986619231,Chicken Recipe,"Delicious chicken recipes for every meal! Find baked chicken, grilled chicken, easy chicken dinners, meal prep ideas, and family-friendly chicken meals.",/CheatDayRecipe1/chicken-recipe/,https://i.pinimg.com/200x150/32/f8/1d/32f81d9e2312866280f0a2c66a386403.jpg,166,0,212,,public,2026-06-19 00:02:49,CheatDayRecipe1,"CheatDayRecipe | Dessert Recipes, Cheat Day Meals",https://i.pinimg.com/75x75_RS/47/56/53/475653c47012805a8b8a2b781af8b8f3.jpg
359443682698676249,Vegan Meals,,/meg1ale2/vegan-meals/,https://i.pinimg.com/200x150/c4/d0/a3/c4d0a3854d3dd4fe46c3bd7f8d49d19a.jpg,8,0,205,,public,2021-12-08 03:06:07,meg1ale2,Shirley Ferguson,https://s.pinimg.com/images/user/default_75.png
417849740366025942,smoothies,,/jbochmann/smoothies/,https://i.pinimg.com/200x150/7f/ac/1d/7fac1d2021ddc7b936122daf50d2dd9b.jpg,125,0,497,food_drink,public,2026-05-27 19:59:05,jbochmann,Joyce Bochmann,https://s.pinimg.com/images/user/default_75.png
550283716909038307,FOOD,,/mariana365/food/,https://i.pinimg.com/200x150/36/5c/fa/365cfaa3e2e71757146b0fb431719b45.jpg,104,0,6,food_drink,public,2025-07-06 10:43:09,mariana365,Maria Ana,https://s.pinimg.com/images/user/default_75.png
330803603818669544,Serving Dumplings Recipes,"All the latest Serving Dumplings recipes — easy weeknight dinners, cozy soups, flavorful pastas, and seasonal comfort food.",/servingdumplings/serving-dumplings-recipes/,https://i.pinimg.com/custom_covers/200x150/330803603818669544_1632680859.jpg,25493,11,4935,food_drink,public,2026-06-21 17:52:04,servingdumplings,Anna’s Table | Quick & Cozy Recipes,https://i.pinimg.com/75x75_RS/02/1e/67/021e67fb6624b6458402e1475d5322cb.jpg
1029002283549285991,Pins by you,,/inspiredby1Vicky1/_quick_creates/,https://i.pinimg.com/150x150/ff/e0/3c/ffe03cbd9ff2b59d0c169a7b74beca81.jpg,12302,0,143,,public,2022-09-05 12:40:00,inspiredby1Vicky1,Vicky,https://i.pinimg.com/75x75_RS/8b/ec/ac/8becac388a5ff18ce5a1fe7377e00a15.jpg
636555797271551697,Coffee,,/dahlilarod77/coffee/,https://i.pinimg.com/200x150/a2/d4/b7/a2d4b71665a50c741f0b19e541d780bc.jpg,900,0,9,food_drink,public,2023-11-24 16:42:13,dahlilarod77,Dahlila Creations,https://i.pinimg.com/75x75_RS/c6/d9/02/c6d902e9b850696461de0e3c255b5777.jpg
1152780904559262942,recipes,,/brentzmoschetto/recipes/,https://i.pinimg.com/200x150/a5/c9/40/a5c9402250a0fe41df48e7caeec792bc.jpg,44,0,100,food_drink,public,2025-10-16 23:44:55,brentzmoschetto,Abigail Taylor,https://s.pinimg.com/images/user/default_75.png
1002754741971333350,Cake,,/EloiseHeadsss/cake/,https://i.pinimg.com/200x150/2c/af/1b/2caf1b4e38db72ebdf3ac6189ae2911a.jpg,594,0,19,,public,2023-10-08 21:52:50,EloiseHeadsss,Fitwaffle Kitchen,https://i.pinimg.com/75x75_RS/e0/78/1f/e0781fb615483d80c09c01ce94f81b99.jpg
957296533232917031,SHIRT DESING,,/merin018/shirt-desing/,https://i.pinimg.com/200x150/e2/97/3c/e2973cae27a433c2dbd5d5dbd3b58f57.jpg,64,0,2937,,public,2026-06-20 07:05:00,merin018,MERIN,https://i.pinimg.com/75x75_RS/f7/57/fd/f757fd06716b8c35fc8fcaf48ba3ea14.jpg
884183408033006993,90 Buffet Style Recipes,,/imperialrecipes/90-buffet-style-recipes/,https://i.pinimg.com/200x150/06/36/35/0636354bb952a05eafb0e96f612875f2.jpg,87,0,177,,public,2025-12-18 14:49:19,imperialrecipes,Imperial Recipes,https://i.pinimg.com/75x75_RS/23/b9/d2/23b9d2b36dbbe7faa54c30e22d4c6c0b.jpg
1090574934705977472,Healthy Recipes,,/ForkfulKitchen/healthy-recipes/,https://i.pinimg.com/200x150/c8/0a/38/c80a38401da8bb649630f1e592f8fdf1.jpg,195,0,83,food_drink,public,2025-12-05 07:30:47,ForkfulKitchen,Forkful Kitchen,https://i.pinimg.com/75x75_RS/b7/65/a1/b765a1efd1a95fc813ab8eece0bdff09.jpg
1091278622148283532,Salad,,/mamaluv6/salad/,https://i.pinimg.com/200x150/9c/30/8a/9c308a1da42cdd9703b84dbc7926885c.jpg,0,0,12,,public,2026-06-16 00:56:43,mamaluv6,Mama Luv,https://s.pinimg.com/images/user/default_75.png
1109222651913698982,Easy COD Recipes,"Easy cod recipes for quick, healthy, and delicious family dinners. Discover baked cod, garlic butter cod, lemon butter fish, Mediterranean seafood meals, and simple weeknight dinner ideas packed with flavor. Perfect for busy nights, meal prep, and seafood lovers looking for easy homemade fish recipes. #codrecipes #seafooddinner #easyrecipes #healthymeals #fishrecipes",/Flavli0/easy-cod-recipes/,https://i.pinimg.com/200x150/61/ec/54/61ec540e71310494ac14d7c618182258.jpg,34,0,6,,public,2026-05-09 16:24:42,Flavli0,Flavli | Home Cooking & Food Ideas,https://i.pinimg.com/75x75_RS/48/a4/d0/48a4d0bc1a90b65955f5b36c22d697d5.jpg
1102256146240005089,Dessert Ideas,,/tehifat570/dessert-ideas/,https://i.pinimg.com/200x150/07/a2/f2/07a2f234296aa57ef97b2b984c8602be.jpg,82,0,64,,public,2026-06-17 21:16:51,tehifat570,Talia food cooking,https://i.pinimg.com/75x75_RS/68/e1/7f/68e17fa59a2f1491e4c3452b659faf1b.jpg
1060457112197918584,Classic Dinner Recipes,,/tyrenoproftpsy8a/classic-dinner-recipes/,https://i.pinimg.com/200x150/b6/68/f8/b668f8219efde5c18e4dc18adc94df91.jpg,7,0,632,,public,2025-12-18 19:47:07,tyrenoproftpsy8a,The Tasty Table with Grace,https://i.pinimg.com/75x75_RS/f4/f6/ef/f4f6ef2e7f2bbc4d679ed8fe2864fd15.jpg
1077134504567050594,pie recipes,,/sandydoebler123/pie-recipes/,https://i.pinimg.com/200x150/f7/e0/d8/f7e0d83217114eaa7c1fef6837e6a665.jpg,2,0,58,,public,2026-01-08 08:02:25,sandydoebler123,Sandy Doebler,https://i.pinimg.com/75x75_RS/36/22/75/362275fd49769a0b753f0b6b39e75907.jpg
768778667580218671,Simshomekitchen.com,"Cakes, cookies, pasta, chicken, world food recipes and more! Visit www.simshomekitchen.com.",/simshomekitchen/simshomekitchencom/,https://i.pinimg.com/custom_covers/200x150/768778667580218671_1745655417.jpg,34281,0,9351,food_drink,public,2026-06-22 14:16:17,simshomekitchen,Sims Home Kitchen | Desserts | Cakes | Family Dinner I World Food,https://i.pinimg.com/75x75_RS/6c/48/2b/6c482ba4c2a500aa4c65c4767fd5f467.jpg
754704918745871772,Sweet Eats,"Explore my Sweet Eats board for a delectable collection of dessert recipes. Whether you're in the mood for creamy cheesecakes, fluffy pastries, or rich chocolate treats, this board has a variety of sweet delights to satisfy any craving and make every occasion a little more special.",/lovebakingwithbutter/sweet-eats/,https://i.pinimg.com/200x150/ac/20/27/ac2027f0a33d5d165fc65fc20920d431.jpg,5945,0,317,,public,2026-05-27 17:22:06,lovebakingwithbutter,Elien - Baking With Butter,https://i.pinimg.com/75x75_RS/e6/7b/8a/e67b8a9c28beacf1616dd0120d8e9ce5.jpg
1116118788843106804,Dessert Ideas,,/lasayo8902/dessert-ideas/,https://i.pinimg.com/200x150/2d/aa/ab/2daaab21ef806ec509f0e31ed5b27eb4.jpg,0,0,60,,public,2026-05-14 09:20:40,lasayo8902,Sophia food cooking,https://s.pinimg.com/images/user/default_75.png
1125618569306936808,High Protein Pizza Recipes | Low Cal Meals,"Discover high protein pizza recipes that are low calorie, easy to make, and perfect for weight loss. These healthy pizza ideas include protein crusts, low calorie toppings, and simple meal prep options. Enjoy your favorite comfort food without guilt while staying on track with your fitness goals. Save these delicious recipes and upgrade your diet.",/VieauoGondimy/high-protein-pizza-recipes-low-cal-meals/,https://i.pinimg.com/200x150/74/0c/ac/740cacdd33bf58ae33dad0f437cb49c5.jpg,191,0,1448,,public,2026-06-24 10:55:41,VieauoGondimy,High Protein Pizza | Low Calorie Recipes,https://i.pinimg.com/75x75_RS/eb/e8/88/ebe888105bc1f13219d99f72246e0d38.jpg
1100074715170636842,Summer Crock Pot Recipes,Board for Summer Crock Pot Recipes,/trulygoodeats/summer-crock-pot-recipes/,https://i.pinimg.com/200x150/3d/9c/dc/3d9cdcd25795f9c5fa4a31ed28bb8ad8.jpg,5,0,50,,public,2026-05-29 10:22:50,trulygoodeats,Truly Good Eats,https://s.pinimg.com/images/user/default_75.png
155303955839369647,Products,,/etsy/_products/,https://i.pinimg.com/200x150/4a/9b/ee/4a9bee97716a99ecae406f12c8d126db.jpg,11026932,0,972255535,products,protected,2026-06-24 14:13:35,etsy,Etsy,https://i.pinimg.com/75x75_RS/d1/84/c8/d184c8624cb409c8f6e4fcf8baf91cd2.jpg
297659925310975605,sweet breads,,/shirleyjackson5/sweet-breads/,https://i.pinimg.com/200x150/2a/49/ed/2a49ed45188856b60d5bb0970b741d23.jpg,54,0,143,,public,2025-09-05 17:56:21,shirleyjackson5,Shirley Jackson,https://s.pinimg.com/images/user/default_75.png
708613391309636093,Design,,/The11thLab/design/,https://i.pinimg.com/custom_covers/200x150/708613391309636093_1727181281.jpg,235,0,971,,public,2026-06-13 03:47:49,The11thLab,b'Desir\xe9e Alexis',https://i.pinimg.com/75x75_RS/44/bb/66/44bb66f3d1c5fd68c212b33cb8f81ed0.jpg
1083186216567700579,Dinner Ideas | easy & Simple,"Quick and easy dinner ideas perfect for busy days 
Simple homemade meals, one-pan dinners, and family-friendly recipes anyone can make.
Perfect for weeknight dinners and everyday cooking.",/FamilyDishRecipes/dinner-ideas-easy-simple/,https://i.pinimg.com/200x150/06/1d/34/061d340b3eca6fc3eb7772613ee2ed6d.jpg,276,0,443,,public,2026-06-23 20:04:20,FamilyDishRecipes,Family Dish Recipes | Easy Meals & Viral Recipes,https://i.pinimg.com/75x75_RS/e0/a6/0d/e0a60d4fd25cfee809db3b64874989f6.jpg
722124190190504485,By The Forkful Recipes,"By The Forkful shares easy plant-based recipes for everyone. All vegan recipes that have minimal ingredients, easy instructions, and big flavors.",/bytheforkful_/by-the-forkful-recipes/,https://i.pinimg.com/custom_covers/200x150/722124190190504485_1554820011.jpg,3353,0,366,food_drink,public,2025-11-18 07:30:15,bytheforkful_,By The Forkful 🌱 Vegetarian Recipes,https://i.pinimg.com/75x75_RS/be/ee/44/beee441f338c3068a4e6625b1d808f2b.jpg
560627922302555923,food,,/tripletcutie/food/,https://i.pinimg.com/200x150/79/20/e9/7920e91d0af748eb1f7effe540870be1.jpg,28,0,610,food_drink,public,2026-04-27 14:51:14,tripletcutie,Alexis Dubois,https://i.pinimg.com/75x75_RS/66/77/9c/66779c482491ae31bdd5c00784161855.jpg
1138214574514623516,Dessert Ideas,,/lafife7724/dessert-ideas/,https://i.pinimg.com/200x150/ce/92/81/ce92815a9c8e07d9a21eaeb4f966fd3f.jpg,2,0,60,,public,2026-01-25 03:56:58,lafife7724,Elliana food cooking,https://i.pinimg.com/75x75_RS/68/00/ef/6800ef437585b616b278712852e44240.jpg
1618618555517403,Appetizers,,/cmtop/appetizers/,https://i.pinimg.com/200x150/05/75/61/0575617d66bb8c35503eca767bf643b5.jpg,12,0,126,food_drink,public,2026-06-15 22:53:06,cmtop,Corinn Topoleski,https://s.pinimg.com/images/user/default_75.png
308567080658224046,cuartos,,/estrellafugaz27/cuartos/,https://i.pinimg.com/200x150/7f/c1/4f/7fc14fcf13bfca66d0064234f3d46beb.jpg,1586,0,514,,public,2026-05-29 19:41:23,estrellafugaz27,Lulu Rivera,https://i.pinimg.com/75x75_RS/b3/4a/5d/b34a5da8fa366167064203d3104122dc.jpg
815573882459311877,Кулинария ∞︎︎ Cooking,,/kisssenia/%D0%BA%D1%83%D0%BB%D0%B8%D0%BD%D0%B0%D1%80%D0%B8%D1%8F-cooking/,https://i.pinimg.com/200x150/09/f8/94/09f894199b1df1798e40484c21721a04.jpg,2217,0,114,,public,2024-05-06 01:33:43,kisssenia,𝓚𝓢𝓔𝓝𝓘𝓐,https://i.pinimg.com/75x75_RS/33/08/13/33081324d749538f6ff64045d4a4c30a.jpg
431993857946524074,Hızlı Kaydedilenler,,/SnfOgrtmn58/_quick_saves/,https://i.pinimg.com/200x150/f8/8e/38/f88e384128de5c969287eb8a358f1ae2.jpg,2357,0,268,,public,2026-05-02 05:49:40,SnfOgrtmn58,✨ Fatoş Öğretmen ✨,https://i.pinimg.com/75x75_RS/7e/be/7c/7ebe7ca5db5924b40bfa4cbae97fe398.jpg
978196050253898563,Easy Salad Recipe,,/Middleeastsector25/easy-salad-recipe/,https://i.pinimg.com/200x150/68/c9/6c/68c96c85269be87dd5dcaeace9c70922.jpg,4801,0,186,,public,2026-03-17 23:03:50,Middleeastsector25,Middleeastsector I Easy Dinner Recipes-Dessert Tips & Meals Ideas,https://i.pinimg.com/75x75_RS/90/b2/c8/90b2c855f9b581b1e96d51bc9c7168c5.jpg
1091630465868295420,Breakfast,,/certifiedrecipesCOM/breakfast/,https://i.pinimg.com/200x150/f9/49/3c/f9493c43293dfc4869bdf60084e772bd.jpg,426,0,293,food_drink,public,2025-10-04 11:03:24,certifiedrecipesCOM,Certified Recipes,https://i.pinimg.com/75x75_RS/f6/3f/a8/f63fa8a4ae1be227f88b0d14d55118dc.jpg
1017180334528789841,Easy Dinners recipes,"Easy dinner recipes ready in minutes. Find easy skillet meals, simple sheet-pan dinners, and time-saving dishes perfect for busy weeknights.",/HomeCookingMadesimple/easy-dinners-recipes/,https://i.pinimg.com/200x150/03/e1/2d/03e12d9f957ea05eb61a8dac4e63e11e.jpg,9,0,95,,public,2026-05-24 03:06:07,HomeCookingMadesimple,Home Cooking Made simple,https://i.pinimg.com/75x75_RS/26/2a/90/262a90dc862ab4a5c399b6143f65c8aa.jpg
1055038718895276884,Keto dessert easy,,/kellersandra726/keto-dessert-easy/,https://i.pinimg.com/200x150/29/71/b9/2971b96e62e24ea730c657a08e563b8e.jpg,15,0,178,,public,2025-01-18 12:07:51,kellersandra726,Sandra,https://s.pinimg.com/images/user/default_75.png
943715365607155070,recipes,,/foodzisite/recipes/,https://i.pinimg.com/200x150/b1/f1/67/b1f167616247459424b630622d57d96f.jpg,532,0,172,food_drink,public,2025-12-04 09:34:51,foodzisite,Isabella Rossi,https://i.pinimg.com/75x75_RS/51/35/36/5135362360e2f4f752280ac5c61cf8e0.jpg
301670943728683941,Recipes to Try,,/apaganglass/recipes-to-try/,https://i.pinimg.com/200x150/27/4c/e8/274ce8de7d2f138d391bc6db97c6fa35.jpg,39,1,678,other,public,2026-06-20 21:00:21,apaganglass,b'Amanda Pag\xe1n-Glass',https://i.pinimg.com/75x75_RS/34/fe/ad/34fead36ebd89f63f9c17586e2711b87.jpg
1073756804847280134,Recipes,,/piwod14055/recipes/,https://i.pinimg.com/200x150/bf/71/bf/bf71bf188923ba781e718ac62dc9ccd9.jpg,0,0,3214,food_drink,public,2026-06-23 02:51:35,piwod14055,The best recipes,https://i.pinimg.com/75x75_RS/57/80/6c/57806ceb2bb3f4acdc7184686935fb46.jpg
473581785755154072,Poultry,,/judithpohlers/poultry/,https://i.pinimg.com/200x150/06/39/d8/0639d8d89e7efbfb4ae8182d43113b8b.jpg,39,0,1288,,public,2026-04-16 22:13:46,judithpohlers,Mary Judith Pohlers,https://i.pinimg.com/75x75_RS/7b/48/04/7b4804cf7da036e21780552d045aa5b7.jpg
786933803579536879,Food and Drink,,/akbelbaac/food-and-drink/,https://i.pinimg.com/200x150/53/ad/c8/53adc8cfdf804004b2b2d62ca18d75cb.jpg,23,0,954,food_drink,public,2026-03-04 21:39:32,akbelbaac,Kfserhat,https://s.pinimg.com/images/user/default_75.png
768778667580246804,CHICKEN RECIPES,A collection of all the best chicken recipes on Pinterest! #chicken #recipes #delicious #yummy,/simshomekitchen/chicken-recipes/,https://i.pinimg.com/custom_covers/200x150/768778667580246804_1565436163.jpg,34285,0,2564,food_drink,public,2026-03-24 21:50:01,simshomekitchen,Sims Home Kitchen | Desserts | Cakes | Family Dinner I World Food,https://i.pinimg.com/75x75_RS/6c/48/2b/6c482ba4c2a500aa4c65c4767fd5f467.jpg
519814050680331080,deetz,,/tyrataughtyou/deetz/,https://i.pinimg.com/200x150/3a/b9/a5/3ab9a58d1c8e6dacde4075706a6d0847.jpg,210,0,153,,public,2025-09-18 02:21:15,tyrataughtyou,Tyra J,https://i.pinimg.com/75x75_RS/a4/49/c0/a449c0358c91cd1c13e4fa665d56ec5a.jpg
564146359511878087,Fruit salads,,/reneedlr/fruit-salads/,https://i.pinimg.com/200x150/c7/5f/5b/c75f5beb030477ea6bf03f6e1723f4cf.jpg,22,0,2,,public,2017-06-24 11:05:02,reneedlr,Renee De La Rosa,https://i.pinimg.com/75x75_RS/6f/a6/b8/6fa6b8621b5709a9e2c199429d391ad2.jpg
644366727875592980,Potato Rolls with Amazing Crust by Salome89,"b'Explore the art of baking with Kartoffelbr\xf6tchen featuring a perfect crust. Curated by Salome89 from Chefkoch, this board offers recipes, tips, and inspiration for creating delicious potato rolls that are crispy on the outside and soft inside.'",/tbrown7637/potato-rolls-with-amazing-crust-by-salome89/,https://i.pinimg.com/200x150/29/95/b4/2995b487db2a925b596e1a8e09f62dd3.jpg,10,0,3,,public,2025-04-09 12:54:08,tbrown7637,Sharon Palmer,https://s.pinimg.com/images/user/default_75.png
998321511089151190,Dessert Recipes,,/Frostyrecipes/dessert-recipes/,https://i.pinimg.com/200x150/c0/8f/76/c08f762983c85ae1fb99ee3d541a24fd.jpg,1045,0,13,food_drink,public,2026-04-19 22:35:47,Frostyrecipes,Frosty Recipes | Quick and Easy Recipes,https://i.pinimg.com/75x75_RS/dd/8e/ba/dd8ebacf763892fa2c428021713e0a51.jpg
337277528283426427,Fish Friday,,/BriannaStC/fish-friday/,https://i.pinimg.com/200x150/a5/dc/1a/a5dc1a9ad30e8b115bad90858fd41ca5.jpg,7,0,11,,public,2022-03-18 17:39:35,BriannaStC,Brianna St Clair,https://s.pinimg.com/images/user/default_75.png
311592936658025527,Weight watchers chicken,,/carmelmuise/weight-watchers-chicken/,https://i.pinimg.com/200x150/aa/1d/d1/aa1dd1b99a1d8bad594807f9439c66c0.jpg,44,0,1042,,public,2026-06-24 12:03:52,carmelmuise,Carmel Muise,https://s.pinimg.com/images/user/default_75.png
834854918363397645,Sassy menu,,/mel_anita/sassy-menu/,https://i.pinimg.com/200x150/ab/b0/3a/abb03ae1a070ac1f85d388f91b769ee8.jpg,4,0,174,,public,2026-05-29 03:53:18,mel_anita,Mel Anita,https://s.pinimg.com/images/user/default_75.png
534591486956717979,Sweets,,/kathrynlill/sweets/,https://i.pinimg.com/200x150/5c/39/fb/5c39fb4b2c3398d5b965fad802947c18.jpg,15,0,248,,public,2026-05-30 03:11:44,kathrynlill,Carl Kathy Lill,https://i.pinimg.com/75x75_RS/2e/8a/e9/2e8ae9a1d659bdbc18cf837543c1dfcb.jpg
481955666312464442,Aqr,,/vkoersvelt/aqr/,https://i.pinimg.com/200x150/a8/9d/86/a89d863c37873e9b9442adce8a9c61a9.jpg,3,0,81,,public,2020-12-26 21:14:12,vkoersvelt,V koersvelt,https://s.pinimg.com/images/user/default_75.png
1112670720377053340,Quick and Easy Dinner Recipes,"Quick and easy dinner recipes ready in 30 minutes or less! Find fast family dinner ideas, simple one pan meals, quick Mediterranean recipes, easy chicken dinners, healthy 30 minute meals, and simple weeknight recipes that are big on flavor with minimal cleanup. The best quick dinner ideas for busy nights.",/lolajay_yum/quick-and-easy-dinner-recipes/,https://i.pinimg.com/custom_covers/200x150/1112670720377053340_1780951217.jpg,108,0,135,,public,2026-06-22 06:06:47,lolajay_yum,Lola | Easy Mediterranean Recipes + Home Cooking,https://i.pinimg.com/75x75_RS/d5/a9/07/d5a90738afe56cd06fbe785b4fa5974b.jpg
399342760647731298,eat ..  dieat... sport... health .,,/majdoulinemanou/eat-dieat-sport-health/,https://i.pinimg.com/200x150/11/04/97/1104972fdaf26b81400d1bc3714fef13.jpg,1798,0,24832,,public,2026-06-23 04:15:33,majdoulinemanou,majdouline manou,https://i.pinimg.com/75x75_RS/d3/c4/0d/d3c40d7f20b99706efd3aecb6764b82b.jpg
1139762686885220039,Tastes,,/Tastes_and_Treks/tastes/,https://i.pinimg.com/200x150/8f/6d/46/8f6d46d2993eb71439bff30b23b43393.jpg,33,0,59,,public,2026-06-23 20:48:46,Tastes_and_Treks,Tastes and Treks,https://i.pinimg.com/75x75_RS/6d/7e/26/6d7e26f51167910f164ba4e3d75c7a34.jpg
1115696576377559040,recipes,,/noweyi5266/recipes/,https://i.pinimg.com/200x150/aa/0b/01/aa0b01cca399f47963a49050247783f5.jpg,24,0,1711,food_drink,public,2026-05-13 00:32:14,noweyi5266,tonad,https://s.pinimg.com/images/user/default_75.png
14214623762865352,food,,/jb2112/food/,https://i.pinimg.com/200x150/8f/0c/74/8f0c7403b3cbf37eda88a777678cae30.jpg,33,0,376,,public,2026-06-15 11:58:31,jb2112,Jenny Burchfield,https://i.pinimg.com/75x75_RS/1d/8e/e0/1d8ee023fa9912086278ce4aaaff9cf7.jpg
925841704585965247,Pins by you,,/abrecipes/_quick_creates/,https://i.pinimg.com/150x150/3a/d1/2d/3ad12ded63f0320ffa72ca6369d35bbe.jpg,870,0,144,,public,2025-06-26 15:26:24,abrecipes,Ab kitchen,https://i.pinimg.com/75x75_RS/eb/95/35/eb95353e9669a5df11d92224e63e14c7.jpg
232216993225449066,Megan,,/meganmarquez3/megan/,https://i.pinimg.com/200x150/59/5a/56/595a56e628542c8c54602f66088a414f.jpg,1,2,443,,public,2026-03-12 12:40:51,meganmarquez3,Megan,https://s.pinimg.com/images/user/default_75.png
125889820773039628,Football food,,/chelsbelles92/football-food/,https://i.pinimg.com/200x150/f6/8b/b4/f68bb449a144309f0fbae28d50eb714a.jpg,88,0,18,,public,2026-06-17 01:16:01,chelsbelles92,Chelsie Schaefer,https://i.pinimg.com/75x75_RS/77/4b/a6/774ba695c2ac0da489a6be1fb62480ad.jpg
1152851273303356929,Rococo cake,,/miajohnson32/rococo-cake/,https://i.pinimg.com/200x150/75/3e/25/753e25a4fef625dee2860761db4d4874.jpg,9,0,73,,public,2025-11-24 13:12:21,miajohnson32,Mia,https://s.pinimg.com/images/user/default_75.png
375135912651163352,Salmon Cooking: Delicious & Foolproof Recipes,"Explore a collection of mouthwatering salmon recipes that are both delicious and foolproof. Perfect for any occasion, these dishes offer step-by-step guidance to ensure perfectly cooked salmon every time. Ideal for seafood lovers and culinary enthusiasts alike.",/blue_estrellas_0905/salmon-cooking-delicious-foolproof-recipes/,https://i.pinimg.com/200x150/63/d4/67/63d4674465a8b25ff27f6534513c8d17.jpg,54,0,1,,public,2025-03-05 04:25:40,blue_estrellas_0905,Phyllis Hackett,https://i.pinimg.com/75x75_RS/d5/97/0c/d5970c9aef14c0b0cf79bfe12369c42a.jpg
674203075406793792,Deliciously Creamy Chicken Recipes,Explore a collection of mouthwatering Marry Me Chicken recipes featuring creamy sauces and savory flavors. Perfect for impressing your loved ones or elevating your weeknight dinners with this irresistible and romantic dish.,/joea51/deliciously-creamy-chicken-recipes/,https://i.pinimg.com/200x150/23/80/e7/2380e7ac8edb6282c9b24e5882645339.jpg,7,0,52,,public,2025-04-10 06:49:00,joea51,Sandra Henderson,https://s.pinimg.com/images/user/default_75.png
297589556567402251,decor ideas,,/jtdurisety/decor-ideas/,https://i.pinimg.com/200x150/51/9e/24/519e2404a7670a7ebd4d432ad153c39c.jpg,3,0,342,,public,2026-06-23 13:08:08,jtdurisety,Jyothi Telugu Festival Food & Decor,https://s.pinimg.com/images/user/default_75.png
69313350454290429,Low Carb Recipes,"Low carb breakfast, lunch, dinner and dessert recipes. Easy healthy meals for the whole family!",/stylishcravings/low-carb-recipes/,https://i.pinimg.com/200x150/fd/83/e1/fd83e1d746cd6f638110ada3d864a060.jpg,154915,0,724,,public,2026-03-14 23:46:37,stylishcravings,Stylish Cravings,https://i.pinimg.com/75x75_RS/3d/24/ec/3d24ecd48657b537e03e5cc768250077.jpg
1129066637770249999,Inspiration: Visualizing Your Dream Life,"🌟 Embark on a visual journey toward your dream life! Explore this collection of inspiring images that paint a vivid canvas of your goals and aspirations. From breathtaking destinations to motivational quotes, this board is your daily dose of encouragement and vision. Let's manifest those dreams into reality together! 💫",/Mommymanifest/inspiration-visualizing-your-dream-life/,https://i.pinimg.com/custom_covers/200x150/1129066637770249999_1696282666.jpg,1141,0,272,,public,2026-06-14 02:30:51,Mommymanifest,Mommy Manifest ✨| Spreading Love & Positive Vibes,https://i.pinimg.com/75x75_RS/99/e5/50/99e550263679913609d011328ccdaa0d.jpg
877709483568437539,Recipes,,/nethuakarsha0145/recipes/,https://i.pinimg.com/200x150/ae/52/7a/ae527a7adff0d7ac9b0f1615690dce92.jpg,104,0,99,food_drink,public,2025-07-30 11:01:24,nethuakarsha0145,Neth,https://i.pinimg.com/75x75_RS/0b/d0/29/0bd029093127dff4aa0e6705620a4043.jpg
217721031924670371,Recipes to Try,Food. Nothing but delicious food.,/nikkibarlow77/recipes-to-try/,https://i.pinimg.com/200x150/d7/74/df/d774dfc972274598f6cb485594a3f825.jpg,73,0,4319,food_drink,public,2026-06-23 21:54:16,nikkibarlow77,Jennifer Swack,https://i.pinimg.com/75x75_RS/73/5e/64/735e649b237109a583db9476f02c613c.jpg
480126078963422434,food,,/deborahhornbuck/food/,https://i.pinimg.com/200x150/a3/ec/36/a3ec368db6138229c5112024a193fd8e.jpg,9,0,1619,food_drink,public,2026-06-22 00:54:12,deborahhornbuck,deborah hornbuckle,https://s.pinimg.com/images/user/default_75.png
980799693788237335,Low Carb Dessert,"#LowCarbDessert | Indulge guilt-free with delicious low-carb desserts that satisfy your sweet tooth while keeping carbs in check! Perfect for keto, diabetic-friendly, and weight-loss diets, these treats use healthy alternatives like almond flour, coconut flour, and natural sweeteners. Enjoy rich flavors with zero sugar spikes—from creamy cheesecakes to fudgy brownies. Discover easy, healthy, and satisfying low-carb dessert recipes today! #KetoDessert #SugarFree",/Eathealthyisgood/low-carb-dessert/,https://i.pinimg.com/200x150/27/f7/1a/27f71aeca751d63fa60b0df34b921103.jpg,15019,0,125,,public,2026-06-24 13:48:28,Eathealthyisgood,"Eat Healthy is Good | Keto Diet, Low Carb Recipes",https://i.pinimg.com/75x75_RS/b3/41/d3/b341d34be82ebf36e9b43529aed3cba0.jpg
739716376236217837,Quick Saves,,/llcoolbee88/_quick_saves/,https://i.pinimg.com/200x150/a9/4f/c7/a94fc7c4b704602f6fa5d4fd03c43cce.jpg,0,0,4,,public,2025-03-11 23:48:19,llcoolbee88,Colby Quesada,https://i.pinimg.com/75x75_RS/ce/55/9b/ce559b1b0903e1e7c8dfeecf5759d802.jpg
1033224408200368840,Car - auto  🚗,,/dumbo_ferri/car-auto/,https://i.pinimg.com/200x150/d2/d5/af/d2d5af1675b9a686018ea32166fb50fc.jpg,19338,0,169,,public,2026-06-24 04:59:53,dumbo_ferri,Sonia S_C76,https://i.pinimg.com/75x75_RS/13/7c/06/137c0687b3ef3308aded857e7fee36e7.jpg
1129066637770249999,Inspiration: Visualizing Your Dream Life,"🌟 Embark on a visual journey toward your dream life! Explore this collection of inspiring images that paint a vivid canvas of your goals and aspirations. From breathtaking destinations to motivational quotes, this board is your daily dose of encouragement and vision. Let's manifest those dreams into reality together! 💫",/Mommymanifest/inspiration-visualizing-your-dream-life/,https://i.pinimg.com/custom_covers/200x150/1129066637770249999_1696282666.jpg,1141,0,272,,public,2026-06-14 02:30:51,Mommymanifest,Mommy Manifest ✨| Spreading Love & Positive Vibes,https://i.pinimg.com/75x75_RS/99/e5/50/99e550263679913609d011328ccdaa0d.jpg
221943156575610191,From the Sea,,/benoihe/from-the-sea/,https://i.pinimg.com/200x150/75/d4/23/75d42371cd04707a2b4d5334ec93992d.jpg,286,0,68,,public,2026-03-15 18:50:06,benoihe,Heather Benoit,https://i.pinimg.com/75x75_RS/fc/b8/6d/fcb86dac9b07e774a813fd07a8c02495.jpg
1147292142513744834,"Easy Recipes, Quick Meals & Dinner Inspiration","Easy recipes, quick meals, dinner inspiration, simple home cooking, and practical food ideas for busy days. Perfect for saving flavorful, balanced dishes that feel approachable, comforting, and easy to make with everyday ingredients.",/aramas_usa4862/easy-recipes-quick-meals-dinner-inspiration/,https://i.pinimg.com/200x150/56/76/59/567659f7ead34134bd2b30e205899ef2.jpg,15,0,1184,,public,2026-06-24 12:32:07,aramas_usa4862,"Easy Recipes, Simple Meals & Everyday Cooking Ideas",https://i.pinimg.com/75x75_RS/4a/ef/91/4aef911475460fc8423bf4c9f0fcf707.jpg
1079245566893425760,Cheesecake & Creamy Desserts 🧀,"""Indulge in the creamiest cheesecake and dessert recipes! From classic New York cheesecake to no-bake treats, mousse, and rich layered desserts, discover irresistible sweet ideas perfect for any occasion. Ideal for dessert lovers, bakers, and anyone craving smooth, decadent, and share-worthy treats. Easy-to-follow recipes to satisfy every sweet tooth and impress friends and family!""",/roseisabelle555/cheesecake-creamy-desserts/,https://i.pinimg.com/200x150/3a/95/75/3a9575e18ca2f682f880f0689c630bf4.jpg,785,0,220,,public,2025-10-22 05:46:13,roseisabelle555,Rose Isabelle,https://i.pinimg.com/75x75_RS/83/71/60/837160e1f997cbccfbae50fb8a8b3519.jpg
1121677919633253800,Healthy & High Protein Meals,"Healthy and high protein meal ideas — balanced breakfasts, lunches and dinners packed with flavor to fuel your day and keep you full.",/everydayeatskitchen/healthy-high-protein-meals/,https://i.pinimg.com/custom_covers/200x150/1121677919633253800_1780391370.jpg,16,0,280,,public,2026-06-24 12:15:33,everydayeatskitchen,Everyday Eats | Easy Healthy Recipes,https://i.pinimg.com/75x75_RS/a5/b5/ac/a5b5acff9769e734e3716e91bf373f26.jpg
389842980184336655,Garlic Butter Dishes Shrimp,,/chiruja_zuazo/garlic-butter-dishes-shrimp/,https://i.pinimg.com/200x150/14/62/67/1462678e8e9195dabc5032a7e1d7b279.jpg,56,0,1,,public,2026-01-05 21:26:34,chiruja_zuazo,Chiruja Zuazo,https://i.pinimg.com/75x75_RS/25/68/e5/2568e5454b0427dcb554ca0cca25b690.jpg
992058692857124033,Dessert Recipes,,/pictureperfectmeals/dessert-recipes/,https://i.pinimg.com/200x150/65/23/bf/6523bf956d583b74530441fba300b018.jpg,178,0,797,food_drink,public,2026-01-27 12:02:56,pictureperfectmeals,Picture Perfect Meals,https://i.pinimg.com/75x75_RS/e4/d7/ff/e4d7ff13800d96367c6a7652ac91aec3.jpg
586382882672540721,Easy Dinner Recipes,"Savor the simplicity with our 'Effortless Eats' board! 🍲 Dive into a world of easy recipes that redefine delicious simplicity. From quick meals to tasty treats, this board is your culinary companion for stress-free cooking. Follow us for mouthwatering inspiration that turns every meal into a breeze! #EasyRecipes #SimpleCooking",/TheThoughtProcess_/easy-dinner-recipes/,https://i.pinimg.com/200x150/75/a9/d0/75a9d038f8fb1a11bdf882181909a08e.jpg,19954,0,1837,food_drink,public,2026-04-13 06:52:23,TheThoughtProcess_,TTP - Lifestyle Blogger + Budgeting & Relationship,https://i.pinimg.com/75x75_RS/37/a7/b2/37a7b2ee8d24a985b3e725fa7b3aeb13.jpg
1086212072566777275,b'Reducci\xf3n de vino tinto',"b'Descubre c\xf3mo hacer una reducci\xf3n de vino tinto perfecta para tus platos. Aprende a preparar salsas deliciosas, salsas para carnes y otros acompa\xf1amientos utilizando esta t\xe9cnica cl\xe1sica de cocina.'",/vinobodegas/reducci%C3%B3n-de-vino-tinto/,https://i.pinimg.com/200x150/42/3f/50/423f50f228f1f79c7241097c60805c05.jpg,1081,0,8657,,public,2026-06-23 10:48:50,vinobodegas,Venta de Vinos y Vinoterapia,https://i.pinimg.com/75x75_RS/8a/a3/ac/8aa3acf3a7d7e1a88be9b8ad2d25de7a.jpg
820640432040547284,beverages,,/Lone_recipes/beverages/,https://i.pinimg.com/200x150/3d/37/b2/3d37b22ac74bf662c8c3c4e740515f55.jpg,1170,0,161,food_drink,public,2026-03-23 23:33:48,Lone_recipes,Lone Recipes,https://i.pinimg.com/75x75_RS/8a/35/fe/8a35fe7df1c9816ecbe749569358a962.jpg
729020327120480088,sauces,,/harristeva7/sauces/,https://i.pinimg.com/200x150/44/c3/52/44c3527ad26db9fa92f9310affe79c81.jpg,10,0,358,,public,2026-04-16 16:59:12,harristeva7,Teva,https://s.pinimg.com/images/user/default_75.png
147281919002943526,Recipes,Recipes,/blueberrybaby/recipes/,https://i.pinimg.com/custom_covers/200x150/147281919002943526_1398897918.jpg,55,14,2931,health_fitness,public,2026-06-22 20:19:16,blueberrybaby,Kristen Fordney,https://i.pinimg.com/75x75_RS/c9/be/10/c9be100a15bebfec8c119b8b0a6ad767.jpg
1061371905871736466,Home Decoration,,/bemagold0157/home-decoration/,https://i.pinimg.com/200x150/2e/13/f5/2e13f566c22e23763f7c26ae9b2f5cbc.jpg,6180,0,264,,public,2026-06-16 15:16:12,bemagold0157,bemagold,https://i.pinimg.com/75x75_RS/2f/5e/37/2f5e3714695ca58067c975c5d97c3dae.jpg
1091489728380693675,Quick Saves,,/sangitalotankar02/_quick_saves/,https://i.pinimg.com/200x150/23/dc/4a/23dc4a2f75a115586c0518a35226b06e.jpg,0,0,1832,,public,2026-06-23 12:34:29,sangitalotankar02,Sangita,https://s.pinimg.com/images/user/default_75.png
1097611809124258418,UASLIDER Nail Decals,"Premium Water Slide Nail Decals & Nail Wraps by UASLIDER 💅 Original designs, own production, salon quality. Wholesale & retail available worldwide. Shop now → uaslider.com #WaterSlideNailDecals",/uaslider/uaslider-nail-decals/,https://i.pinimg.com/custom_covers/200x150/1097611809124258418_1775213469.jpg,3,0,210,,public,2026-06-25 05:19:00,uaslider,UASLIDER,https://i.pinimg.com/75x75_RS/74/8e/87/748e876606e2eae137912f811a7ee9df.jpg
1103944996099012565,llaveros,,/sandytbueno/llaveros/,https://i.pinimg.com/200x150/bb/ca/5a/bbca5a47f32124f76eee6bb5fd39de0e.jpg,2,0,824,,public,2026-01-06 12:48:52,sandytbueno,Sandy Tbueno,https://i.pinimg.com/75x75_RS/e1/19/f7/e119f757e70582be954eb7fe2d9d5a19.jpg
1111615189215273171,b'Balanced Brilliance - Nuv\xe9\xae Luma Harmonia Light',"b'Balanced Brilliance - Nuv\xe9\xae Luma Harmonia Light embodies harmony through design and illumination. With its sleek, modern form and soothing glow, it creates the perfect balance between function and serenity. Elevate any space with lighting that inspires calm, creativity, and contemporary elegance.\n#Nuv\xe9Living #LumaHarmonia'",/shopnuvestudio/balanced-brilliance-nuv%C3%A9-luma-harmonia-light/,https://i.pinimg.com/200x150/2c/69/a7/2c69a7d842838e200ee8dddce4b88dd5.jpg,414,0,14,,public,2025-12-01 23:37:06,shopnuvestudio,Nuve,https://i.pinimg.com/75x75_RS/c2/00/bf/c200bf69161f762de1e369af07ea02e5.jpg
112027178170042638,Products,,/Walmart/_products/,https://i.pinimg.com/200x150/1b/d2/1c/1bd21ce7165613229be6135e8c6ce487.jpg,2277125,0,913054184,products,protected,2026-06-25 05:03:41,Walmart,Walmart,https://i.pinimg.com/75x75_RS/7f/d2/07/7fd207a1929860fd93ec684eb717a4b4.jpg
1120622388468656819,As Seen on @VIVXUE Tiktok!,,/pampernailgallery/as-seen-on-vivxue-tiktok/,https://i.pinimg.com/custom_covers/200x150/1120622388468656819_1678310423.jpg,2570,0,19,,public,2025-01-28 00:23:03,pampernailgallery,pampernailgallery,https://i.pinimg.com/75x75_RS/2e/66/06/2e6606562ce13e982f2bf175cfe684ea.jpg
1126181519259663760,Hair beauty,,/nosirrom35/hair-beauty/,https://i.pinimg.com/200x150/df/e9/c4/dfe9c405416bebc820b4277c5e02afa1.jpg,1,0,60,hair_beauty,public,2026-06-24 21:22:46,nosirrom35,Mim,https://s.pinimg.com/images/user/default_75.png
1130544381399532944,مرات الحفظ السريع,,/alturkosama7/_quick_saves/,https://i.pinimg.com/200x150/38/5e/d7/385ed77b0ec4ba85aa4002bc05c5ff17.jpg,0,0,18,,public,2026-06-24 21:29:20,alturkosama7,Osama,https://s.pinimg.com/images/user/default_75.png
1135540562235782475,Beauty,,/popuo01/beauty/,https://i.pinimg.com/200x150/70/bb/54/70bb545db3cb72b5faf7a19efdae72ea.jpg,1848,0,84,hair_beauty,public,2026-06-25 02:48:39,popuo01,Popuo,https://i.pinimg.com/75x75_RS/c2/6a/97/c26a975384519402643bbf6b87a97f0e.jpg
1149966154792643533,Social,,/lumenalighting/_tpd_social/,https://i.pinimg.com/200x150/e8/c9/cf/e8c9cf5554af4a9760426c92f120dc87.jpg,35,0,705,,public,2026-06-19 23:10:59,lumenalighting,Lumena Lamps | Ocean-Inspired Lighting,https://i.pinimg.com/75x75_RS/ab/e7/b1/abe7b13fc35f489995796b7a5871f446.jpg
116460409053473671,Wormwood.,,/feltsuit_/wormwood/,https://i.pinimg.com/200x150/f0/f1/ed/f0f1ed78013eac9c67666515297e4ab0.jpg,215,0,15339,,public,2026-06-24 00:07:09,feltsuit_,K M,https://i.pinimg.com/75x75_RS/02/d6/9f/02d69ff489dd71dcfce5880a29fcefae.jpg
155303955839058077,"DIY Kits, Patterns and More","Ready, set, make! Craft ideas for kids, DIY projects for your home, homemade gift ideas. You'll find all these DIY projects and crafts right here.",/etsy/diy-kits-patterns-and-more/,https://i.pinimg.com/custom_covers/200x150/155303955839058077_1701725266.jpg,11079439,4,2058,diy_crafts,public,2026-06-25 02:32:30,etsy,Etsy,https://i.pinimg.com/75x75_RS/d1/84/c8/d184c8624cb409c8f6e4fcf8baf91cd2.jpg
155303955839058134,Etsy Weddings,"Wedding inspiration and ideas for planning your perfect day. Find everything from engagement and wedding rings, unique wedding dresses, wedding day hairstyles and accessories, and wedding and reception decor.",/etsy/etsy-weddings/,https://i.pinimg.com/custom_covers/200x150/155303955839058134_1704470181.jpg,11037304,8,1076,weddings,public,2026-06-18 16:03:52,etsy,Etsy,https://i.pinimg.com/75x75_RS/d1/84/c8/d184c8624cb409c8f6e4fcf8baf91cd2.jpg
155303955839062793,Etsy Fashion,"Style essentials and statement-making pieces only from Etsy. From those little accessories that make an outfit, to handmade wardrobe staples, get inspired to rock the latest style trend.",/etsy/etsy-fashion/,https://i.pinimg.com/custom_covers/200x150/155303955839062793_1701725367.jpg,11023779,0,947,womens_fashion,public,2026-06-21 16:01:49,etsy,Etsy,https://i.pinimg.com/75x75_RS/d1/84/c8/d184c8624cb409c8f6e4fcf8baf91cd2.jpg
155303955839077236,Etsy Kids,"Kids clothing, handmade toys, and unique bedroom decor for the coolest kids you know.",/etsy/etsy-kids/,https://i.pinimg.com/custom_covers/200x150/155303955839077236_1701725595.jpg,11033110,4,799,kids,public,2026-06-09 18:13:26,etsy,Etsy,https://i.pinimg.com/75x75_RS/d1/84/c8/d184c8624cb409c8f6e4fcf8baf91cd2.jpg
155303955839078153,Etsy Pets,"Unique and stylish pet beds, custom pet gifts, and all those adorable pet outfits. You'll find it all right here.",/etsy/etsy-pets/,https://i.pinimg.com/custom_covers/200x150/155303955839078153_1536268914.jpg,11029848,0,369,animals,public,2026-06-01 23:31:15,etsy,Etsy,https://i.pinimg.com/75x75_RS/d1/84/c8/d184c8624cb409c8f6e4fcf8baf91cd2.jpg
155303955839108608,Etsy Jewelry,"From personalized necklaces, to bold earrings, demi-fine gold, and birthstone necklaces, find beautiful one-of-a-kind statement and everyday jewelry pieces only at Etsy.",/etsy/etsy-jewelry/,https://i.pinimg.com/custom_covers/200x150/155303955839108608_1531429098.jpg,11049029,5,1471,womens_fashion,public,2026-06-24 20:33:25,etsy,Etsy,https://i.pinimg.com/75x75_RS/d1/84/c8/d184c8624cb409c8f6e4fcf8baf91cd2.jpg
155303955839130738,Gift Mode,"If you need gifts for anybody—and we mean ANYBODY, Gift Mode makes it extra-easy. Take the stress out of finding the ""right"" gift with custom, personalized, and totally unique items based on their interests and the gift occasion.",/etsy/gift-mode/,https://i.pinimg.com/custom_covers/200x150/155303955839130738_1701725440.jpg,11035052,0,566,products,public,2026-06-03 01:01:55,etsy,Etsy,https://i.pinimg.com/75x75_RS/d1/84/c8/d184c8624cb409c8f6e4fcf8baf91cd2.jpg
155303955839157163,Vintage Treasures,"Incredible one-of-a-kind vintage pieces of clothing, jewelry, art, furniture, home decor and more.",/etsy/vintage-treasures/,https://i.pinimg.com/custom_covers/200x150/155303955839157163_1704470061.jpg,11031878,0,160,products,public,2026-06-19 23:02:29,etsy,Etsy,https://i.pinimg.com/75x75_RS/d1/84/c8/d184c8624cb409c8f6e4fcf8baf91cd2.jpg
155303955839160645,Kitchen Must-Haves,"Stock your dream kitchen with everything you need for cooking new recipes, storing spices, baking sweets, mixology, and everything in between.",/etsy/kitchen-must-haves/,https://i.pinimg.com/custom_covers/200x150/155303955839160645_1536269199.jpg,11030127,0,350,food_drink,public,2026-06-14 22:33:22,etsy,Etsy,https://i.pinimg.com/75x75_RS/d1/84/c8/d184c8624cb409c8f6e4fcf8baf91cd2.jpg
155303955839176079,Etsy Finds,"Embrace the best of Etsy from handmade to hand-painted, custom crafts and unique goods you can't get anywhere else. Take a peek at the process of creating some of our seller's most creative items, and find inspiration for your next purchase.",/etsy/etsy-finds/,https://i.pinimg.com/custom_covers/200x150/155303955839176079_1701725246.jpg,11035868,1,3122,products,public,2026-06-22 23:33:33,etsy,Etsy,https://i.pinimg.com/75x75_RS/d1/84/c8/d184c8624cb409c8f6e4fcf8baf91cd2.jpg
155303955839185302,Stylish Hair Accessories,"Dress up your 'do with beautiful bows, handmade headbands, hairpins, barrettes and more from Etsy.",/etsy/stylish-hair-accessories/,https://i.pinimg.com/custom_covers/200x150/155303955839185302_1701725390.jpg,11028038,0,176,womens_fashion,public,2026-06-15 16:03:58,etsy,Etsy,https://i.pinimg.com/75x75_RS/d1/84/c8/d184c8624cb409c8f6e4fcf8baf91cd2.jpg
155303955839196636,Artwork for Your Home,"Find artist spotlights, wall art from paintings to stained glass, and distinctive display ideas to inspire your next gallery wall.",/etsy/artwork-for-your-home/,https://i.pinimg.com/custom_covers/200x150/155303955839196636_1704469927.jpg,11030694,0,459,art,public,2026-06-10 17:02:50,etsy,Etsy,https://i.pinimg.com/75x75_RS/d1/84/c8/d184c8624cb409c8f6e4fcf8baf91cd2.jpg
155303955839318089,Home Decor,"Make your house a home. Whether your style is rustic, minimalist, modern, vintage, or modern farmhouse, you'll find furniture, decor and everything needed to make your space feel like home.",/etsy/home-decor/,https://i.pinimg.com/custom_covers/200x150/155303955839318089_1536269091.jpg,11029478,8,489,home_decor,public,2026-06-17 00:03:07,etsy,Etsy,https://i.pinimg.com/75x75_RS/d1/84/c8/d184c8624cb409c8f6e4fcf8baf91cd2.jpg
155303955839318094,Bath and Beauty,"Treat yourself to an at-home spa experience with hand-poured soaps, bath bombs and natural beauty treatments.",/etsy/bath-and-beauty/,https://i.pinimg.com/custom_covers/200x150/155303955839318094_1536269133.jpg,11026861,0,80,hair_beauty,public,2026-04-13 01:11:50,etsy,Etsy,https://i.pinimg.com/75x75_RS/d1/84/c8/d184c8624cb409c8f6e4fcf8baf91cd2.jpg
155303955839380516,Products you tagged,,/etsy/_products_you_tagged/,https://i.pinimg.com/200x150/c5/5a/d2/c55ad2d5962886346bb8a11ce737ec75.jpg,11026451,0,2666,,protected,2026-06-24 21:16:20,etsy,Etsy,https://i.pinimg.com/75x75_RS/d1/84/c8/d184c8624cb409c8f6e4fcf8baf91cd2.jpg
155303955839482362,Pins by you,,/etsy/_quick_creates/,https://i.pinimg.com/150x150/89/c9/67/89c96763986af5b59eba3c6bd356adb8.jpg,11026453,0,7,,public,2023-06-08 21:34:21,etsy,Etsy,https://i.pinimg.com/75x75_RS/d1/84/c8/d184c8624cb409c8f6e4fcf8baf91cd2.jpg
155303955839524766,Quick Saves,,/etsy/_quick_saves/,https://i.pinimg.com/200x150/95/93/68/9593681b4a666e4726c35705af6d04ee.jpg,11026464,0,1,,public,2025-10-29 16:08:48,etsy,Etsy,https://i.pinimg.com/75x75_RS/d1/84/c8/d184c8624cb409c8f6e4fcf8baf91cd2.jpg
171348029511607792,Beauty & Gorgeous Makeup Ideas,Beauty and skincare tips,/glamamama1/beauty-gorgeous-makeup-ideas/,https://i.pinimg.com/custom_covers/200x150/171348029511607792_1774195999.jpg,862,1,278,hair_beauty,public,2026-04-25 18:44:28,glamamama1,Betsy K.,https://i.pinimg.com/75x75_RS/e2/3a/0e/e23a0efabe601961be098191599afc47.jpg
224476431366097884,Quick Saves,,/crazyforcrust/_quick_saves/,https://i.pinimg.com/200x150/7f/33/c7/7f33c7819cb0dec4a266e01b9f8d1157.jpg,449503,0,1,,public,2025-03-14 22:24:15,crazyforcrust,Crazy for Crust,https://i.pinimg.com/75x75_RS/40/dd/bf/40ddbf09072c18f84fd19ee910236285.jpg
227150443644477048,Hair/Makeup/Nails,,/hollyberry66/hairmakeupnails/,https://i.pinimg.com/custom_covers/200x150/227150443644477048_1370495252.jpg,775,0,8639,hair_beauty,public,2026-06-25 03:24:58,hollyberry66,Holly Johnson,https://i.pinimg.com/75x75_RS/fb/ab/e6/fbabe64d3e3abae0f47d3ceb8e7afaf4.jpg
246431479549603867,Festivals,,/sallybeauty/festivals/,https://i.pinimg.com/200x150/28/7d/cc/287dcc014efa8e3bb592a4b6c308f40a.jpg,83700,0,3,,public,2026-04-16 14:00:37,sallybeauty,Sally Beauty,https://i.pinimg.com/75x75_RS/90/e0/4e/90e04e68ede34e9800c4a7874face893.jpg
28288372598375015,Desserts,The best dessert recipes!,/yammie/desserts/,https://i.pinimg.com/custom_covers/200x150/28288372598375015_1461144852.jpg,103481,0,446,food_drink,public,2026-06-15 22:04:25,yammie,Yammie's Noshery,https://i.pinimg.com/75x75_RS/b9/f1/b9/b9f1b9c27393aa0c5f85cbf5d416ecda.jpg
28288372598404826,"Sides, Appetizers, Etc.",Sides and apps recipes,/yammie/sides-appetizers-etc/,https://i.pinimg.com/custom_covers/200x150/28288372598404826_1366746719.jpg,103411,0,229,food_drink,public,2026-06-12 14:21:30,yammie,Yammie's Noshery,https://i.pinimg.com/75x75_RS/b9/f1/b9/b9f1b9c27393aa0c5f85cbf5d416ecda.jpg
28288372598434002,Glutenfreedom,gluten free recipes!,/yammie/glutenfreedom/,https://i.pinimg.com/custom_covers/200x150/28288372598434002_1391221750.jpg,105015,0,289,food_drink,public,2026-05-06 18:50:55,yammie,Yammie's Noshery,https://i.pinimg.com/75x75_RS/b9/f1/b9/b9f1b9c27393aa0c5f85cbf5d416ecda.jpg
28288372598460028,Breakfast,Breakfast recipes to start your morning right,/yammie/breakfast/,https://i.pinimg.com/custom_covers/200x150/28288372598460028_1366746366.jpg,101777,0,235,food_drink,public,2026-06-24 19:59:10,yammie,Yammie's Noshery,https://i.pinimg.com/75x75_RS/b9/f1/b9/b9f1b9c27393aa0c5f85cbf5d416ecda.jpg
28288372598460029,Dinner,Dinner Recipes,/yammie/dinner/,https://i.pinimg.com/custom_covers/200x150/28288372598460029_1366746321.jpg,102577,0,465,food_drink,public,2026-04-23 01:52:11,yammie,Yammie's Noshery,https://i.pinimg.com/75x75_RS/b9/f1/b9/b9f1b9c27393aa0c5f85cbf5d416ecda.jpg
28288372598460030,Cookies,Cookie recipes to die for,/yammie/cookies/,https://i.pinimg.com/200x150/a9/dd/2b/a9dd2b6eed2be9c166e2cdfae632c311.jpg,102078,0,176,food_drink,public,2026-06-19 20:11:04,yammie,Yammie's Noshery,https://i.pinimg.com/75x75_RS/b9/f1/b9/b9f1b9c27393aa0c5f85cbf5d416ecda.jpg
28288372598460034,Bread Recipes,"Loaves, Rolls, Pretzels, etc.",/yammie/bread-recipes/,https://i.pinimg.com/custom_covers/200x150/28288372598460034_1366746187.jpg,101734,0,85,food_drink,public,2026-06-13 17:04:41,yammie,Yammie's Noshery,https://i.pinimg.com/75x75_RS/b9/f1/b9/b9f1b9c27393aa0c5f85cbf5d416ecda.jpg
28288372598460043,"Soup, Sandwich, Salad",Lunchy lunch lunch recipes,/yammie/soup-sandwich-salad/,https://i.pinimg.com/200x150/f6/cd/e6/f6cde6d7b58bbc29f57d6b99184e91bd.jpg,101827,0,136,food_drink,public,2026-06-16 14:22:28,yammie,Yammie's Noshery,https://i.pinimg.com/75x75_RS/b9/f1/b9/b9f1b9c27393aa0c5f85cbf5d416ecda.jpg
28288372598460046,Brownies and Bars,Recipes for brownies and other bar cookies,/yammie/brownies-and-bars/,https://i.pinimg.com/custom_covers/200x150/28288372598460046_1366746132.jpg,102087,0,210,food_drink,public,2026-06-16 12:33:38,yammie,Yammie's Noshery,https://i.pinimg.com/75x75_RS/b9/f1/b9/b9f1b9c27393aa0c5f85cbf5d416ecda.jpg
28288372598474563,Yammie's Noshery,"All recipes from my blog, Yammie's Noshery!",/yammie/yammies-noshery/,https://i.pinimg.com/custom_covers/200x150/28288372598474563_1461144920.jpg,103019,0,325,food_drink,public,2026-06-14 13:50:25,yammie,Yammie's Noshery,https://i.pinimg.com/75x75_RS/b9/f1/b9/b9f1b9c27393aa0c5f85cbf5d416ecda.jpg
28288372598541521,Mexican,Mexican Food Recipes!,/yammie/mexican/,https://i.pinimg.com/200x150/18/5f/4b/185f4b664030509d8f396fe5fa04d0e2.jpg,100680,0,23,other,public,2026-05-03 22:00:21,yammie,Yammie's Noshery,https://i.pinimg.com/75x75_RS/b9/f1/b9/b9f1b9c27393aa0c5f85cbf5d416ecda.jpg
28288372598542765,Pump it up,Pumpkin recipes,/yammie/pump-it-up/,https://i.pinimg.com/custom_covers/200x150/28288372598542765_1461145268.jpg,100531,0,36,food_drink,public,2016-09-20 14:52:19,yammie,Yammie's Noshery,https://i.pinimg.com/75x75_RS/b9/f1/b9/b9f1b9c27393aa0c5f85cbf5d416ecda.jpg
28288372598557915,Drinks,Bottoms up.,/yammie/drinks/,https://i.pinimg.com/200x150/30/be/c8/30bec83aa63429c800e58334876295c3.jpg,100432,0,31,food_drink,public,2019-12-20 15:03:58,yammie,Yammie's Noshery,https://i.pinimg.com/75x75_RS/b9/f1/b9/b9f1b9c27393aa0c5f85cbf5d416ecda.jpg
28288372598828550,Pins by you,,/yammie/_quick_creates/,https://i.pinimg.com/150x150/17/95/72/1795722ae19c5620b9b2eb274026ffcf.jpg,100408,0,1,,public,2024-05-30 16:34:38,yammie,Yammie's Noshery,https://i.pinimg.com/75x75_RS/b9/f1/b9/b9f1b9c27393aa0c5f85cbf5d416ecda.jpg
28288372598859803,Weeknight Meals,,/yammie/weeknight-meals/,https://i.pinimg.com/200x150/7d/a6/37/7da637c6743b077d309c4bffdef03b58.jpg,100408,0,7,,public,2026-04-28 18:15:11,yammie,Yammie's Noshery,https://i.pinimg.com/75x75_RS/b9/f1/b9/b9f1b9c27393aa0c5f85cbf5d416ecda.jpg
28288372598859807,Chicken Recipes,,/yammie/chicken-recipes/,https://i.pinimg.com/200x150/36/06/21/36062104133825352063ae3d313329eb.jpg,100408,0,8,food_drink,public,2026-06-22 14:33:25,yammie,Yammie's Noshery,https://i.pinimg.com/75x75_RS/b9/f1/b9/b9f1b9c27393aa0c5f85cbf5d416ecda.jpg
28288372598862035,Cakes!,"All kinds of cakes great for birthdays or any occasion, from pina colada to peanut butter cup and ice cream cakes!",/yammie/cakes/,https://i.pinimg.com/200x150/f1/07/02/f1070208fe08213cde335b19945b6585.jpg,100408,0,10,food_drink,public,2026-06-19 20:58:22,yammie,Yammie's Noshery,https://i.pinimg.com/75x75_RS/b9/f1/b9/b9f1b9c27393aa0c5f85cbf5d416ecda.jpg
28288372598862045,Muffins and Quickbreads,,/yammie/muffins-and-quickbreads/,https://i.pinimg.com/200x150/c4/05/de/c405defe3fe8c948f6dc2d4d739ac57a.jpg,100408,0,7,,public,2026-06-14 14:29:27,yammie,Yammie's Noshery,https://i.pinimg.com/75x75_RS/b9/f1/b9/b9f1b9c27393aa0c5f85cbf5d416ecda.jpg
28288372598862110,Pies,,/yammie/pies/,https://i.pinimg.com/200x150/68/ec/69/68ec69a06994907ff4cbeb8c143be56f.jpg,100408,0,1,,public,2026-06-14 03:35:19,yammie,Yammie's Noshery,https://i.pinimg.com/75x75_RS/b9/f1/b9/b9f1b9c27393aa0c5f85cbf5d416ecda.jpg
28288372598862117,Secretly Healthy Desserts,,/yammie/secretly-healthy-desserts/,https://i.pinimg.com/200x150/67/20/a8/6720a89c1835aa74a49383916b709c19.jpg,100408,0,1,,public,2026-06-14 12:31:49,yammie,Yammie's Noshery,https://i.pinimg.com/75x75_RS/b9/f1/b9/b9f1b9c27393aa0c5f85cbf5d416ecda.jpg
409124016088134069,nails,,/myr13mb/nails/,https://i.pinimg.com/200x150/08/0a/76/080a7672d4153e71c647df05be96b35f.jpg,13,0,698,hair_beauty,public,2026-06-07 21:00:09,myr13mb,Myrr,https://i.pinimg.com/75x75_RS/6b/3f/d1/6b3fd1ab8d016ff3e82f615b1103cd61.jpg
460282093105964504,Food Safety and Home Sanitation🧼🫧🧽🧹🪣🧻🪠🧺🪥,I'm STRONG BELIEVER in cleanest  . it's one of GOD rules in 10 commandments.,/khartonia/food-safety-and-home-sanitation/,https://i.pinimg.com/200x150/25/ba/28/25ba282fd087937e01674bf75e50ff76.jpg,217,0,1308,,public,2026-06-17 21:29:09,khartonia,Khartonia Pratt,https://i.pinimg.com/75x75_RS/e8/c7/27/e8c727fe03b3bcf1992ed674e1c78a5c.jpg
476185429290314799,Press-On Nails 💅 Salon-Perfect Manis in Minutes,"Discover EyeCandys press-on nails for effortless, salon-quality manicures at home 💅 Easy to apply in minutes, reusable, and designed to last up to 2+ weeks. Explore trendy, chic, and minimal styles perfect for everyday wear or special occasions. No salon visit or UV lamp needed—just flawless nails anytime. Upgrade your nail game instantly with stylish, damage-free press-on nails.

Shop now: https://eyecandys.com/collections/press-on-nails",/eyecandyscom/press-on-nails-salon-perfect-manis-in-minutes/,https://i.pinimg.com/200x150/d6/25/5c/d6255c8f586a6c51f8fcd21839eb1764.jpg,12705,0,496,,public,2026-06-24 09:34:18,eyecandyscom,EyeCandys,https://i.pinimg.com/75x75_RS/fb/11/ef/fb11ef3f52e81eef9f9dcc02e9e89b68.jpg
48343464689107041,**FOOD LOVE**,"Delicious pins from awesome food bloggers! The sweet, the savory and everything in between. Board is closed to accepting new contributors at this time. Pinners please limit pins to 3 per day.",/cookingclassy/food-love/,https://i.pinimg.com/custom_covers/200x150/48343464689107041_1382023233.jpg,1004198,0,279638,food_drink,public,2026-06-25 04:55:56,cookingclassy,Cooking Classy,https://i.pinimg.com/75x75_RS/44/56/45/445645307aba2586b1f208bac2f43b09.jpg
523965806586943357,Antonio Lupi Salone del Mobile 2026,,/antoniolupispa/antonio-lupi-salone-del-mobile-2026/,https://i.pinimg.com/200x150/b7/fb/0d/b7fb0decc4270870def5cdf5addcb998.jpg,12286,0,3,,protected,2026-05-03 10:35:34,antoniolupispa,antoniolupi,https://i.pinimg.com/75x75_RS/83/40/42/834042cd487a04c0bb37c78012411396.jpg
585960670207914929,bathroom ideas,,/eslamrefatalprins/bathroom-ideas/,https://i.pinimg.com/200x150/b4/93/bc/b493bc3a9863c101b64caa32bec3e8b9.jpg,1037,0,17,home_decor,public,2026-05-28 06:31:08,eslamrefatalprins,The Best Of The Best,https://i.pinimg.com/75x75_RS/bb/30/34/bb30344ffdad352fc96b150ae7634545.jpg
645562996525230228,Nishtha,,/nishthagumber/nishtha/,https://i.pinimg.com/200x150/59/3d/3e/593d3e6f32cfba7be4b465652989a80c.jpg,6,0,10554,,public,2026-06-23 07:47:13,nishthagumber,Nishtha Gumber,https://s.pinimg.com/images/user/default_75.png
687080555591454690,test,,/creative2brain/test/,https://i.pinimg.com/200x150/bf/7d/11/bf7d11b002c0a4818f7c6dbd18851a91.jpg,0,0,6,,public,2026-03-13 17:09:00,creative2brain,c2br,https://i.pinimg.com/75x75_RS/2c/5f/2c/2c5f2cc7e1c17e1a7acfd02315e64cc1.jpg
687080555591468846,chicken,,/creative2brain/chicken/,https://i.pinimg.com/200x150/87/90/ba/8790ba148efcf7aad27ddcd037158e70.jpg,0,0,3,food_drink,public,2026-04-10 20:01:44,creative2brain,c2br,https://i.pinimg.com/75x75_RS/2c/5f/2c/2c5f2cc7e1c17e1a7acfd02315e64cc1.jpg
687080555591503509,Quick Saves,,/creative2brain/_quick_saves/,https://i.pinimg.com/200x150/19/95/74/199574eb38d55479e75655b348ec898e.jpg,0,0,1,,public,2026-06-25 05:27:11,creative2brain,c2br,https://i.pinimg.com/75x75_RS/2c/5f/2c/2c5f2cc7e1c17e1a7acfd02315e64cc1.jpg
703824880762551,Hair and Nail ideas,,/svenja0915/hair-and-nail-ideas/,https://i.pinimg.com/200x150/c2/2f/4e/c22f4e40c1985304f31fb6bf1531d65f.jpg,116,0,315,,public,2026-06-16 23:21:24,svenja0915,Svenja R,https://i.pinimg.com/75x75_RS/c0/b6/bb/c0b6bb5d0542c2ced51ee37ba66b063d.jpg
807974058088087903,Products,,/aliexpress/_products/,https://i.pinimg.com/200x150/d9/7d/d6/d97dd68c2d5d48866ad7f627d33deeed.jpg,4071895,0,826367723,products,protected,2026-06-25 05:27:05,aliexpress,AliExpress,https://i.pinimg.com/75x75_RS/5c/2a/98/5c2a98ff5cc06e3a21c92138f97e1649.jpg
807974058088730907,sale,,/aliexpress/sale/,https://i.pinimg.com/200x150/bc/34/42/bc34421c16e66840dd77022442e304c5.jpg,4071902,0,9,,public,2026-06-19 19:00:51,aliexpress,AliExpress,https://i.pinimg.com/75x75_RS/5c/2a/98/5c2a98ff5cc06e3a21c92138f97e1649.jpg
917819667748434163,Pack An Order With Me Videos,,/bowandarrowsupplycompany/pack-an-order-with-me-videos/,https://i.pinimg.com/200x150/38/cf/c8/38cfc8888a9cce0807dffc2902df5f85.jpg,3124,0,32,,public,2023-02-15 22:00:44,bowandarrowsupplycompany,Bow + Arrow Supply Co.,https://i.pinimg.com/75x75_RS/ee/33/8a/ee338aac4d2e13ae8b21b538ce7366a9.jpg
112027178170142965,Men's Fashion,,/Walmart/mens-fashion/,https://i.pinimg.com/200x150/89/45/9c/89459cf0088c6e7e022331a2ed54e33c.jpg,2276642,1,25,mens_fashion,public,2023-08-25 19:20:07,Walmart,Walmart,https://i.pinimg.com/75x75_RS/7f/d2/07/7fd207a1929860fd93ec684eb717a4b4.jpg
112027178170277580,"Party Apps, Dips & Big Game Day Bites","Discover game day appetizer and dip ideas that can be fulfilled by Walmart. Click into each recipe to ""Shop Ingredients"" with just one-click!",/Walmart/party-apps-dips-big-game-day-bites/,https://i.pinimg.com/200x150/1d/6d/4c/1d6d4c47e262f0e85b8ba3d48bc4d7e1.jpg,2276644,0,28,,public,2026-02-04 16:56:03,Walmart,Walmart,https://i.pinimg.com/75x75_RS/7f/d2/07/7fd207a1929860fd93ec684eb717a4b4.jpg
112027178170277580,"Party Apps, Dips & Big Game Day Bites","Discover game day appetizer and dip ideas that can be fulfilled by Walmart. Click into each recipe to ""Shop Ingredients"" with just one-click!",/Walmart/party-apps-dips-big-game-day-bites/,https://i.pinimg.com/200x150/1d/6d/4c/1d6d4c47e262f0e85b8ba3d48bc4d7e1.jpg,2276644,0,28,,public,2026-02-04 16:56:03,Walmart,Walmart,https://i.pinimg.com/75x75_RS/7f/d2/07/7fd207a1929860fd93ec684eb717a4b4.jpg
112027178170277580,"Party Apps, Dips & Big Game Day Bites","Discover game day appetizer and dip ideas that can be fulfilled by Walmart. Click into each recipe to ""Shop Ingredients"" with just one-click!",/Walmart/party-apps-dips-big-game-day-bites/,https://i.pinimg.com/200x150/1d/6d/4c/1d6d4c47e262f0e85b8ba3d48bc4d7e1.jpg,2276644,0,28,,public,2026-02-04 16:56:03,Walmart,Walmart,https://i.pinimg.com/75x75_RS/7f/d2/07/7fd207a1929860fd93ec684eb717a4b4.jpg
112027178170277580,"Party Apps, Dips & Big Game Day Bites","Discover game day appetizer and dip ideas that can be fulfilled by Walmart. Click into each recipe to ""Shop Ingredients"" with just one-click!",/Walmart/party-apps-dips-big-game-day-bites/,https://i.pinimg.com/200x150/1d/6d/4c/1d6d4c47e262f0e85b8ba3d48bc4d7e1.jpg,2276644,0,28,,public,2026-02-04 16:56:03,Walmart,Walmart,https://i.pinimg.com/75x75_RS/7f/d2/07/7fd207a1929860fd93ec684eb717a4b4.jpg
112027178170277580,"Party Apps, Dips & Big Game Day Bites","Discover game day appetizer and dip ideas that can be fulfilled by Walmart. Click into each recipe to ""Shop Ingredients"" with just one-click!",/Walmart/party-apps-dips-big-game-day-bites/,https://i.pinimg.com/200x150/1d/6d/4c/1d6d4c47e262f0e85b8ba3d48bc4d7e1.jpg,2276644,0,28,,public,2026-02-04 16:56:03,Walmart,Walmart,https://i.pinimg.com/75x75_RS/7f/d2/07/7fd207a1929860fd93ec684eb717a4b4.jpg
112027178170277580,"Party Apps, Dips & Big Game Day Bites","Discover game day appetizer and dip ideas that can be fulfilled by Walmart. Click into each recipe to ""Shop Ingredients"" with just one-click!",/Walmart/party-apps-dips-big-game-day-bites/,https://i.pinimg.com/200x150/1d/6d/4c/1d6d4c47e262f0e85b8ba3d48bc4d7e1.jpg,2276644,0,28,,public,2026-02-04 16:56:03,Walmart,Walmart,https://i.pinimg.com/75x75_RS/7f/d2/07/7fd207a1929860fd93ec684eb717a4b4.jpg
112027178170277580,"Party Apps, Dips & Big Game Day Bites","Discover game day appetizer and dip ideas that can be fulfilled by Walmart. Click into each recipe to ""Shop Ingredients"" with just one-click!",/Walmart/party-apps-dips-big-game-day-bites/,https://i.pinimg.com/200x150/1d/6d/4c/1d6d4c47e262f0e85b8ba3d48bc4d7e1.jpg,2276644,0,28,,public,2026-02-04 16:56:03,Walmart,Walmart,https://i.pinimg.com/75x75_RS/7f/d2/07/7fd207a1929860fd93ec684eb717a4b4.jpg
112027178170277580,"Party Apps, Dips & Big Game Day Bites","Discover game day appetizer and dip ideas that can be fulfilled by Walmart. Click into each recipe to ""Shop Ingredients"" with just one-click!",/Walmart/party-apps-dips-big-game-day-bites/,https://i.pinimg.com/200x150/1d/6d/4c/1d6d4c47e262f0e85b8ba3d48bc4d7e1.jpg,2276644,0,28,,public,2026-02-04 16:56:03,Walmart,Walmart,https://i.pinimg.com/75x75_RS/7f/d2/07/7fd207a1929860fd93ec684eb717a4b4.jpg
112027178170277581,High-Protein & Better-For-You Meals,Discover high-protein and healthy meal ideas that can be fulfilled by Walmart with just one-click.,/Walmart/high-protein-better-for-you-meals/,https://i.pinimg.com/200x150/74/62/fa/7462fad9ca04ef14f94741f29a6e879a.jpg,2276643,0,19,,public,2026-04-27 17:00:59,Walmart,Walmart,https://i.pinimg.com/75x75_RS/7f/d2/07/7fd207a1929860fd93ec684eb717a4b4.jpg
112027178170277580,"Party Apps, Dips & Big Game Day Bites","Discover game day appetizer and dip ideas that can be fulfilled by Walmart. Click into each recipe to ""Shop Ingredients"" with just one-click!",/Walmart/party-apps-dips-big-game-day-bites/,https://i.pinimg.com/200x150/1d/6d/4c/1d6d4c47e262f0e85b8ba3d48bc4d7e1.jpg,2276644,0,28,,public,2026-02-04 16:56:03,Walmart,Walmart,https://i.pinimg.com/75x75_RS/7f/d2/07/7fd207a1929860fd93ec684eb717a4b4.jpg
112027178170277580,"Party Apps, Dips & Big Game Day Bites","Discover game day appetizer and dip ideas that can be fulfilled by Walmart. Click into each recipe to ""Shop Ingredients"" with just one-click!",/Walmart/party-apps-dips-big-game-day-bites/,https://i.pinimg.com/200x150/1d/6d/4c/1d6d4c47e262f0e85b8ba3d48bc4d7e1.jpg,2276644,0,28,,public,2026-02-04 16:56:03,Walmart,Walmart,https://i.pinimg.com/75x75_RS/7f/d2/07/7fd207a1929860fd93ec684eb717a4b4.jpg
112027178170277580,"Party Apps, Dips & Big Game Day Bites","Discover game day appetizer and dip ideas that can be fulfilled by Walmart. Click into each recipe to ""Shop Ingredients"" with just one-click!",/Walmart/party-apps-dips-big-game-day-bites/,https://i.pinimg.com/200x150/1d/6d/4c/1d6d4c47e262f0e85b8ba3d48bc4d7e1.jpg,2276644,0,28,,public,2026-02-04 16:56:03,Walmart,Walmart,https://i.pinimg.com/75x75_RS/7f/d2/07/7fd207a1929860fd93ec684eb717a4b4.jpg
112027178170277580,"Party Apps, Dips & Big Game Day Bites","Discover game day appetizer and dip ideas that can be fulfilled by Walmart. Click into each recipe to ""Shop Ingredients"" with just one-click!",/Walmart/party-apps-dips-big-game-day-bites/,https://i.pinimg.com/200x150/1d/6d/4c/1d6d4c47e262f0e85b8ba3d48bc4d7e1.jpg,2276644,0,28,,public,2026-02-04 16:56:03,Walmart,Walmart,https://i.pinimg.com/75x75_RS/7f/d2/07/7fd207a1929860fd93ec684eb717a4b4.jpg
112027178170277580,"Party Apps, Dips & Big Game Day Bites","Discover game day appetizer and dip ideas that can be fulfilled by Walmart. Click into each recipe to ""Shop Ingredients"" with just one-click!",/Walmart/party-apps-dips-big-game-day-bites/,https://i.pinimg.com/200x150/1d/6d/4c/1d6d4c47e262f0e85b8ba3d48bc4d7e1.jpg,2276644,0,28,,public,2026-02-04 16:56:03,Walmart,Walmart,https://i.pinimg.com/75x75_RS/7f/d2/07/7fd207a1929860fd93ec684eb717a4b4.jpg
112027178169884277,Home,"Update your home, indoors and out, at everyday low prices.",/Walmart/home/,https://i.pinimg.com/custom_covers/200x150/112027178169884277_1584117240.jpg,2279752,9,747,home_decor,public,2026-04-27 17:56:23,Walmart,Walmart,https://i.pinimg.com/75x75_RS/7f/d2/07/7fd207a1929860fd93ec684eb717a4b4.jpg
112027178169884277,Home,"Update your home, indoors and out, at everyday low prices.",/Walmart/home/,https://i.pinimg.com/custom_covers/200x150/112027178169884277_1584117240.jpg,2279752,9,747,home_decor,public,2026-04-27 17:56:23,Walmart,Walmart,https://i.pinimg.com/75x75_RS/7f/d2/07/7fd207a1929860fd93ec684eb717a4b4.jpg
112027178169884277,Home,"Update your home, indoors and out, at everyday low prices.",/Walmart/home/,https://i.pinimg.com/custom_covers/200x150/112027178169884277_1584117240.jpg,2279752,9,747,home_decor,public,2026-04-27 17:56:23,Walmart,Walmart,https://i.pinimg.com/75x75_RS/7f/d2/07/7fd207a1929860fd93ec684eb717a4b4.jpg
112027178169884277,Home,"Update your home, indoors and out, at everyday low prices.",/Walmart/home/,https://i.pinimg.com/custom_covers/200x150/112027178169884277_1584117240.jpg,2279752,9,747,home_decor,public,2026-04-27 17:56:23,Walmart,Walmart,https://i.pinimg.com/75x75_RS/7f/d2/07/7fd207a1929860fd93ec684eb717a4b4.jpg
112027178169884277,Home,"Update your home, indoors and out, at everyday low prices.",/Walmart/home/,https://i.pinimg.com/custom_covers/200x150/112027178169884277_1584117240.jpg,2279752,9,747,home_decor,public,2026-04-27 17:56:23,Walmart,Walmart,https://i.pinimg.com/75x75_RS/7f/d2/07/7fd207a1929860fd93ec684eb717a4b4.jpg
112027178169884277,Home,"Update your home, indoors and out, at everyday low prices.",/Walmart/home/,https://i.pinimg.com/custom_covers/200x150/112027178169884277_1584117240.jpg,2279752,9,747,home_decor,public,2026-04-27 17:56:23,Walmart,Walmart,https://i.pinimg.com/75x75_RS/7f/d2/07/7fd207a1929860fd93ec684eb717a4b4.jpg
112027178169884277,Home,"Update your home, indoors and out, at everyday low prices.",/Walmart/home/,https://i.pinimg.com/custom_covers/200x150/112027178169884277_1584117240.jpg,2279752,9,747,home_decor,public,2026-04-27 17:56:23,Walmart,Walmart,https://i.pinimg.com/75x75_RS/7f/d2/07/7fd207a1929860fd93ec684eb717a4b4.jpg
112027178169884277,Home,"Update your home, indoors and out, at everyday low prices.",/Walmart/home/,https://i.pinimg.com/custom_covers/200x150/112027178169884277_1584117240.jpg,2279752,9,747,home_decor,public,2026-04-27 17:56:23,Walmart,Walmart,https://i.pinimg.com/75x75_RS/7f/d2/07/7fd207a1929860fd93ec684eb717a4b4.jpg
112027178169884277,Home,"Update your home, indoors and out, at everyday low prices.",/Walmart/home/,https://i.pinimg.com/custom_covers/200x150/112027178169884277_1584117240.jpg,2279752,9,747,home_decor,public,2026-04-27 17:56:23,Walmart,Walmart,https://i.pinimg.com/75x75_RS/7f/d2/07/7fd207a1929860fd93ec684eb717a4b4.jpg
112027178170100895,Beauty,"From beauty tips and ticks to makeup reviews and how-to’s, save on all the latest beauty trends at Walmart.",/Walmart/beauty/,https://i.pinimg.com/200x150/96/95/a2/9695a27346b0512aa5b8ff7dd41c886b.jpg,2277189,4,106,hair_beauty,public,2026-04-27 17:54:38,Walmart,Walmart,https://i.pinimg.com/75x75_RS/7f/d2/07/7fd207a1929860fd93ec684eb717a4b4.jpg
112027178170100895,Beauty,"From beauty tips and ticks to makeup reviews and how-to’s, save on all the latest beauty trends at Walmart.",/Walmart/beauty/,https://i.pinimg.com/200x150/96/95/a2/9695a27346b0512aa5b8ff7dd41c886b.jpg,2277189,4,106,hair_beauty,public,2026-04-27 17:54:38,Walmart,Walmart,https://i.pinimg.com/75x75_RS/7f/d2/07/7fd207a1929860fd93ec684eb717a4b4.jpg
112027178170100895,Beauty,"From beauty tips and ticks to makeup reviews and how-to’s, save on all the latest beauty trends at Walmart.",/Walmart/beauty/,https://i.pinimg.com/200x150/96/95/a2/9695a27346b0512aa5b8ff7dd41c886b.jpg,2277189,4,106,hair_beauty,public,2026-04-27 17:54:38,Walmart,Walmart,https://i.pinimg.com/75x75_RS/7f/d2/07/7fd207a1929860fd93ec684eb717a4b4.jpg
112027178170100895,Beauty,"From beauty tips and ticks to makeup reviews and how-to’s, save on all the latest beauty trends at Walmart.",/Walmart/beauty/,https://i.pinimg.com/200x150/96/95/a2/9695a27346b0512aa5b8ff7dd41c886b.jpg,2277189,4,106,hair_beauty,public,2026-04-27 17:54:38,Walmart,Walmart,https://i.pinimg.com/75x75_RS/7f/d2/07/7fd207a1929860fd93ec684eb717a4b4.jpg
112027178170100895,Beauty,"From beauty tips and ticks to makeup reviews and how-to’s, save on all the latest beauty trends at Walmart.",/Walmart/beauty/,https://i.pinimg.com/200x150/96/95/a2/9695a27346b0512aa5b8ff7dd41c886b.jpg,2277189,4,106,hair_beauty,public,2026-04-27 17:54:38,Walmart,Walmart,https://i.pinimg.com/75x75_RS/7f/d2/07/7fd207a1929860fd93ec684eb717a4b4.jpg
112027178170100895,Beauty,"From beauty tips and ticks to makeup reviews and how-to’s, save on all the latest beauty trends at Walmart.",/Walmart/beauty/,https://i.pinimg.com/200x150/96/95/a2/9695a27346b0512aa5b8ff7dd41c886b.jpg,2277189,4,106,hair_beauty,public,2026-04-27 17:54:38,Walmart,Walmart,https://i.pinimg.com/75x75_RS/7f/d2/07/7fd207a1929860fd93ec684eb717a4b4.jpg
112027178170100895,Beauty,"From beauty tips and ticks to makeup reviews and how-to’s, save on all the latest beauty trends at Walmart.",/Walmart/beauty/,https://i.pinimg.com/200x150/96/95/a2/9695a27346b0512aa5b8ff7dd41c886b.jpg,2277189,4,106,hair_beauty,public,2026-04-27 17:54:38,Walmart,Walmart,https://i.pinimg.com/75x75_RS/7f/d2/07/7fd207a1929860fd93ec684eb717a4b4.jpg
112027178170100895,Beauty,"From beauty tips and ticks to makeup reviews and how-to’s, save on all the latest beauty trends at Walmart.",/Walmart/beauty/,https://i.pinimg.com/200x150/96/95/a2/9695a27346b0512aa5b8ff7dd41c886b.jpg,2277189,4,106,hair_beauty,public,2026-04-27 17:54:38,Walmart,Walmart,https://i.pinimg.com/75x75_RS/7f/d2/07/7fd207a1929860fd93ec684eb717a4b4.jpg
112027178170100895,Beauty,"From beauty tips and ticks to makeup reviews and how-to’s, save on all the latest beauty trends at Walmart.",/Walmart/beauty/,https://i.pinimg.com/200x150/96/95/a2/9695a27346b0512aa5b8ff7dd41c886b.jpg,2277189,4,106,hair_beauty,public,2026-04-27 17:54:38,Walmart,Walmart,https://i.pinimg.com/75x75_RS/7f/d2/07/7fd207a1929860fd93ec684eb717a4b4.jpg
112027178170142896,Women's Fashion,,/Walmart/womens-fashion/,https://i.pinimg.com/200x150/f5/e4/60/f5e460fd58453b30d9bb0fae46c506a5.jpg,2276804,1,225,womens_fashion,public,2026-05-14 19:44:16,Walmart,Walmart,https://i.pinimg.com/75x75_RS/7f/d2/07/7fd207a1929860fd93ec684eb717a4b4.jpg
112027178170142896,Women's Fashion,,/Walmart/womens-fashion/,https://i.pinimg.com/200x150/f5/e4/60/f5e460fd58453b30d9bb0fae46c506a5.jpg,2276804,1,225,womens_fashion,public,2026-05-14 19:44:16,Walmart,Walmart,https://i.pinimg.com/75x75_RS/7f/d2/07/7fd207a1929860fd93ec684eb717a4b4.jpg
112027178170142896,Women's Fashion,,/Walmart/womens-fashion/,https://i.pinimg.com/200x150/f5/e4/60/f5e460fd58453b30d9bb0fae46c506a5.jpg,2276804,1,225,womens_fashion,public,2026-05-14 19:44:16,Walmart,Walmart,https://i.pinimg.com/75x75_RS/7f/d2/07/7fd207a1929860fd93ec684eb717a4b4.jpg
112027178170142896,Women's Fashion,,/Walmart/womens-fashion/,https://i.pinimg.com/200x150/f5/e4/60/f5e460fd58453b30d9bb0fae46c506a5.jpg,2276804,1,225,womens_fashion,public,2026-05-14 19:44:16,Walmart,Walmart,https://i.pinimg.com/75x75_RS/7f/d2/07/7fd207a1929860fd93ec684eb717a4b4.jpg
112027178170142896,Women's Fashion,,/Walmart/womens-fashion/,https://i.pinimg.com/200x150/f5/e4/60/f5e460fd58453b30d9bb0fae46c506a5.jpg,2276804,1,225,womens_fashion,public,2026-05-14 19:44:16,Walmart,Walmart,https://i.pinimg.com/75x75_RS/7f/d2/07/7fd207a1929860fd93ec684eb717a4b4.jpg
112027178170142896,Women's Fashion,,/Walmart/womens-fashion/,https://i.pinimg.com/200x150/f5/e4/60/f5e460fd58453b30d9bb0fae46c506a5.jpg,2276804,1,225,womens_fashion,public,2026-05-14 19:44:16,Walmart,Walmart,https://i.pinimg.com/75x75_RS/7f/d2/07/7fd207a1929860fd93ec684eb717a4b4.jpg
112027178170142896,Women's Fashion,,/Walmart/womens-fashion/,https://i.pinimg.com/200x150/f5/e4/60/f5e460fd58453b30d9bb0fae46c506a5.jpg,2276804,1,225,womens_fashion,public,2026-05-14 19:44:16,Walmart,Walmart,https://i.pinimg.com/75x75_RS/7f/d2/07/7fd207a1929860fd93ec684eb717a4b4.jpg
112027178170142896,Women's Fashion,,/Walmart/womens-fashion/,https://i.pinimg.com/200x150/f5/e4/60/f5e460fd58453b30d9bb0fae46c506a5.jpg,2276804,1,225,womens_fashion,public,2026-05-14 19:44:16,Walmart,Walmart,https://i.pinimg.com/75x75_RS/7f/d2/07/7fd207a1929860fd93ec684eb717a4b4.jpg
112027178170142896,Women's Fashion,,/Walmart/womens-fashion/,https://i.pinimg.com/200x150/f5/e4/60/f5e460fd58453b30d9bb0fae46c506a5.jpg,2276804,1,225,womens_fashion,public,2026-05-14 19:44:16,Walmart,Walmart,https://i.pinimg.com/75x75_RS/7f/d2/07/7fd207a1929860fd93ec684eb717a4b4.jpg
112027178170142896,Women's Fashion,,/Walmart/womens-fashion/,https://i.pinimg.com/200x150/f5/e4/60/f5e460fd58453b30d9bb0fae46c506a5.jpg,2276804,1,225,womens_fashion,public,2026-05-14 19:44:16,Walmart,Walmart,https://i.pinimg.com/75x75_RS/7f/d2/07/7fd207a1929860fd93ec684eb717a4b4.jpg
112027178170142896,Women's Fashion,,/Walmart/womens-fashion/,https://i.pinimg.com/200x150/f5/e4/60/f5e460fd58453b30d9bb0fae46c506a5.jpg,2276804,1,225,womens_fashion,public,2026-05-14 19:44:16,Walmart,Walmart,https://i.pinimg.com/75x75_RS/7f/d2/07/7fd207a1929860fd93ec684eb717a4b4.jpg
112027178170142896,Women's Fashion,,/Walmart/womens-fashion/,https://i.pinimg.com/200x150/f5/e4/60/f5e460fd58453b30d9bb0fae46c506a5.jpg,2276804,1,225,womens_fashion,public,2026-05-14 19:44:16,Walmart,Walmart,https://i.pinimg.com/75x75_RS/7f/d2/07/7fd207a1929860fd93ec684eb717a4b4.jpg
112027178170142896,Women's Fashion,,/Walmart/womens-fashion/,https://i.pinimg.com/200x150/f5/e4/60/f5e460fd58453b30d9bb0fae46c506a5.jpg,2276804,1,225,womens_fashion,public,2026-05-14 19:44:16,Walmart,Walmart,https://i.pinimg.com/75x75_RS/7f/d2/07/7fd207a1929860fd93ec684eb717a4b4.jpg
112027178170142896,Women's Fashion,,/Walmart/womens-fashion/,https://i.pinimg.com/200x150/f5/e4/60/f5e460fd58453b30d9bb0fae46c506a5.jpg,2276804,1,225,womens_fashion,public,2026-05-14 19:44:16,Walmart,Walmart,https://i.pinimg.com/75x75_RS/7f/d2/07/7fd207a1929860fd93ec684eb717a4b4.jpg
112027178170142896,Women's Fashion,,/Walmart/womens-fashion/,https://i.pinimg.com/200x150/f5/e4/60/f5e460fd58453b30d9bb0fae46c506a5.jpg,2276804,1,225,womens_fashion,public,2026-05-14 19:44:16,Walmart,Walmart,https://i.pinimg.com/75x75_RS/7f/d2/07/7fd207a1929860fd93ec684eb717a4b4.jpg
112027178170205199,Pins by you,,/Walmart/_quick_creates/,https://i.pinimg.com/150x150/e5/b1/9e/e5b19eb0237993548737270213cc0cac.jpg,2276633,0,121,,public,2021-12-17 14:50:37,Walmart,Walmart,https://i.pinimg.com/75x75_RS/7f/d2/07/7fd207a1929860fd93ec684eb717a4b4.jpg
112027178170205199,Pins by you,,/Walmart/_quick_creates/,https://i.pinimg.com/150x150/e5/b1/9e/e5b19eb0237993548737270213cc0cac.jpg,2276633,0,121,,public,2021-12-17 14:50:37,Walmart,Walmart,https://i.pinimg.com/75x75_RS/7f/d2/07/7fd207a1929860fd93ec684eb717a4b4.jpg
112027178170205199,Pins by you,,/Walmart/_quick_creates/,https://i.pinimg.com/150x150/e5/b1/9e/e5b19eb0237993548737270213cc0cac.jpg,2276633,0,121,,public,2021-12-17 14:50:37,Walmart,Walmart,https://i.pinimg.com/75x75_RS/7f/d2/07/7fd207a1929860fd93ec684eb717a4b4.jpg
112027178170205199,Pins by you,,/Walmart/_quick_creates/,https://i.pinimg.com/150x150/e5/b1/9e/e5b19eb0237993548737270213cc0cac.jpg,2276633,0,121,,public,2021-12-17 14:50:37,Walmart,Walmart,https://i.pinimg.com/75x75_RS/7f/d2/07/7fd207a1929860fd93ec684eb717a4b4.jpg
112027178170205199,Pins by you,,/Walmart/_quick_creates/,https://i.pinimg.com/150x150/e5/b1/9e/e5b19eb0237993548737270213cc0cac.jpg,2276633,0,121,,public,2021-12-17 14:50:37,Walmart,Walmart,https://i.pinimg.com/75x75_RS/7f/d2/07/7fd207a1929860fd93ec684eb717a4b4.jpg
112027178170205199,Pins by you,,/Walmart/_quick_creates/,https://i.pinimg.com/150x150/e5/b1/9e/e5b19eb0237993548737270213cc0cac.jpg,2276633,0,121,,public,2021-12-17 14:50:37,Walmart,Walmart,https://i.pinimg.com/75x75_RS/7f/d2/07/7fd207a1929860fd93ec684eb717a4b4.jpg
112027178170205199,Pins by you,,/Walmart/_quick_creates/,https://i.pinimg.com/150x150/e5/b1/9e/e5b19eb0237993548737270213cc0cac.jpg,2276633,0,121,,public,2021-12-17 14:50:37,Walmart,Walmart,https://i.pinimg.com/75x75_RS/7f/d2/07/7fd207a1929860fd93ec684eb717a4b4.jpg
112027178170205199,Pins by you,,/Walmart/_quick_creates/,https://i.pinimg.com/150x150/e5/b1/9e/e5b19eb0237993548737270213cc0cac.jpg,2276633,0,121,,public,2021-12-17 14:50:37,Walmart,Walmart,https://i.pinimg.com/75x75_RS/7f/d2/07/7fd207a1929860fd93ec684eb717a4b4.jpg
112027178170205199,Pins by you,,/Walmart/_quick_creates/,https://i.pinimg.com/150x150/e5/b1/9e/e5b19eb0237993548737270213cc0cac.jpg,2276633,0,121,,public,2021-12-17 14:50:37,Walmart,Walmart,https://i.pinimg.com/75x75_RS/7f/d2/07/7fd207a1929860fd93ec684eb717a4b4.jpg
112027178170205199,Pins by you,,/Walmart/_quick_creates/,https://i.pinimg.com/150x150/e5/b1/9e/e5b19eb0237993548737270213cc0cac.jpg,2276633,0,121,,public,2021-12-17 14:50:37,Walmart,Walmart,https://i.pinimg.com/75x75_RS/7f/d2/07/7fd207a1929860fd93ec684eb717a4b4.jpg
112027178170205199,Pins by you,,/Walmart/_quick_creates/,https://i.pinimg.com/150x150/e5/b1/9e/e5b19eb0237993548737270213cc0cac.jpg,2276633,0,121,,public,2021-12-17 14:50:37,Walmart,Walmart,https://i.pinimg.com/75x75_RS/7f/d2/07/7fd207a1929860fd93ec684eb717a4b4.jpg
112027178170205199,Pins by you,,/Walmart/_quick_creates/,https://i.pinimg.com/150x150/e5/b1/9e/e5b19eb0237993548737270213cc0cac.jpg,2276633,0,121,,public,2021-12-17 14:50:37,Walmart,Walmart,https://i.pinimg.com/75x75_RS/7f/d2/07/7fd207a1929860fd93ec684eb717a4b4.jpg
112027178170205199,Pins by you,,/Walmart/_quick_creates/,https://i.pinimg.com/150x150/e5/b1/9e/e5b19eb0237993548737270213cc0cac.jpg,2276633,0,121,,public,2021-12-17 14:50:37,Walmart,Walmart,https://i.pinimg.com/75x75_RS/7f/d2/07/7fd207a1929860fd93ec684eb717a4b4.jpg
112027178170205199,Pins by you,,/Walmart/_quick_creates/,https://i.pinimg.com/150x150/e5/b1/9e/e5b19eb0237993548737270213cc0cac.jpg,2276633,0,121,,public,2021-12-17 14:50:37,Walmart,Walmart,https://i.pinimg.com/75x75_RS/7f/d2/07/7fd207a1929860fd93ec684eb717a4b4.jpg
112027178170205199,Pins by you,,/Walmart/_quick_creates/,https://i.pinimg.com/150x150/e5/b1/9e/e5b19eb0237993548737270213cc0cac.jpg,2276633,0,121,,public,2021-12-17 14:50:37,Walmart,Walmart,https://i.pinimg.com/75x75_RS/7f/d2/07/7fd207a1929860fd93ec684eb717a4b4.jpg
112027178170205199,Pins by you,,/Walmart/_quick_creates/,https://i.pinimg.com/150x150/e5/b1/9e/e5b19eb0237993548737270213cc0cac.jpg,2276633,0,121,,public,2021-12-17 14:50:37,Walmart,Walmart,https://i.pinimg.com/75x75_RS/7f/d2/07/7fd207a1929860fd93ec684eb717a4b4.jpg
112027178170205199,Pins by you,,/Walmart/_quick_creates/,https://i.pinimg.com/150x150/e5/b1/9e/e5b19eb0237993548737270213cc0cac.jpg,2276633,0,121,,public,2021-12-17 14:50:37,Walmart,Walmart,https://i.pinimg.com/75x75_RS/7f/d2/07/7fd207a1929860fd93ec684eb717a4b4.jpg
112027178170205199,Pins by you,,/Walmart/_quick_creates/,https://i.pinimg.com/150x150/e5/b1/9e/e5b19eb0237993548737270213cc0cac.jpg,2276633,0,121,,public,2021-12-17 14:50:37,Walmart,Walmart,https://i.pinimg.com/75x75_RS/7f/d2/07/7fd207a1929860fd93ec684eb717a4b4.jpg
112027178170205199,Pins by you,,/Walmart/_quick_creates/,https://i.pinimg.com/150x150/e5/b1/9e/e5b19eb0237993548737270213cc0cac.jpg,2276633,0,121,,public,2021-12-17 14:50:37,Walmart,Walmart,https://i.pinimg.com/75x75_RS/7f/d2/07/7fd207a1929860fd93ec684eb717a4b4.jpg
112027178170205199,Pins by you,,/Walmart/_quick_creates/,https://i.pinimg.com/150x150/e5/b1/9e/e5b19eb0237993548737270213cc0cac.jpg,2276633,0,121,,public,2021-12-17 14:50:37,Walmart,Walmart,https://i.pinimg.com/75x75_RS/7f/d2/07/7fd207a1929860fd93ec684eb717a4b4.jpg
112027178170205199,Pins by you,,/Walmart/_quick_creates/,https://i.pinimg.com/150x150/e5/b1/9e/e5b19eb0237993548737270213cc0cac.jpg,2276633,0,121,,public,2021-12-17 14:50:37,Walmart,Walmart,https://i.pinimg.com/75x75_RS/7f/d2/07/7fd207a1929860fd93ec684eb717a4b4.jpg
112027178170274208,Stranger Things x No Boundaries,"Exclusive fashion, legendary merch & more. Who knew?",/Walmart/stranger-things-x-no-boundaries/,https://i.pinimg.com/200x150/7c/13/02/7c130280e7d7ddd943f76eb193ac74b1.jpg,2276641,0,12,,public,2025-10-27 18:23:58,Walmart,Walmart,https://i.pinimg.com/75x75_RS/7f/d2/07/7fd207a1929860fd93ec684eb717a4b4.jpg
112027178170274208,Stranger Things x No Boundaries,"Exclusive fashion, legendary merch & more. Who knew?",/Walmart/stranger-things-x-no-boundaries/,https://i.pinimg.com/200x150/7c/13/02/7c130280e7d7ddd943f76eb193ac74b1.jpg,2276641,0,12,,public,2025-10-27 18:23:58,Walmart,Walmart,https://i.pinimg.com/75x75_RS/7f/d2/07/7fd207a1929860fd93ec684eb717a4b4.jpg
112027178170274208,Stranger Things x No Boundaries,"Exclusive fashion, legendary merch & more. Who knew?",/Walmart/stranger-things-x-no-boundaries/,https://i.pinimg.com/200x150/7c/13/02/7c130280e7d7ddd943f76eb193ac74b1.jpg,2276641,0,12,,public,2025-10-27 18:23:58,Walmart,Walmart,https://i.pinimg.com/75x75_RS/7f/d2/07/7fd207a1929860fd93ec684eb717a4b4.jpg
112027178170274208,Stranger Things x No Boundaries,"Exclusive fashion, legendary merch & more. Who knew?",/Walmart/stranger-things-x-no-boundaries/,https://i.pinimg.com/200x150/7c/13/02/7c130280e7d7ddd943f76eb193ac74b1.jpg,2276641,0,12,,public,2025-10-27 18:23:58,Walmart,Walmart,https://i.pinimg.com/75x75_RS/7f/d2/07/7fd207a1929860fd93ec684eb717a4b4.jpg
112027178170274208,Stranger Things x No Boundaries,"Exclusive fashion, legendary merch & more. Who knew?",/Walmart/stranger-things-x-no-boundaries/,https://i.pinimg.com/200x150/7c/13/02/7c130280e7d7ddd943f76eb193ac74b1.jpg,2276641,0,12,,public,2025-10-27 18:23:58,Walmart,Walmart,https://i.pinimg.com/75x75_RS/7f/d2/07/7fd207a1929860fd93ec684eb717a4b4.jpg
112027178170274208,Stranger Things x No Boundaries,"Exclusive fashion, legendary merch & more. Who knew?",/Walmart/stranger-things-x-no-boundaries/,https://i.pinimg.com/200x150/7c/13/02/7c130280e7d7ddd943f76eb193ac74b1.jpg,2276641,0,12,,public,2025-10-27 18:23:58,Walmart,Walmart,https://i.pinimg.com/75x75_RS/7f/d2/07/7fd207a1929860fd93ec684eb717a4b4.jpg
112027178170274208,Stranger Things x No Boundaries,"Exclusive fashion, legendary merch & more. Who knew?",/Walmart/stranger-things-x-no-boundaries/,https://i.pinimg.com/200x150/7c/13/02/7c130280e7d7ddd943f76eb193ac74b1.jpg,2276641,0,12,,public,2025-10-27 18:23:58,Walmart,Walmart,https://i.pinimg.com/75x75_RS/7f/d2/07/7fd207a1929860fd93ec684eb717a4b4.jpg
112027178170274208,Stranger Things x No Boundaries,"Exclusive fashion, legendary merch & more. Who knew?",/Walmart/stranger-things-x-no-boundaries/,https://i.pinimg.com/200x150/7c/13/02/7c130280e7d7ddd943f76eb193ac74b1.jpg,2276641,0,12,,public,2025-10-27 18:23:58,Walmart,Walmart,https://i.pinimg.com/75x75_RS/7f/d2/07/7fd207a1929860fd93ec684eb717a4b4.jpg
112027178170274208,Stranger Things x No Boundaries,"Exclusive fashion, legendary merch & more. Who knew?",/Walmart/stranger-things-x-no-boundaries/,https://i.pinimg.com/200x150/7c/13/02/7c130280e7d7ddd943f76eb193ac74b1.jpg,2276641,0,12,,public,2025-10-27 18:23:58,Walmart,Walmart,https://i.pinimg.com/75x75_RS/7f/d2/07/7fd207a1929860fd93ec684eb717a4b4.jpg
112027178170274208,Stranger Things x No Boundaries,"Exclusive fashion, legendary merch & more. Who knew?",/Walmart/stranger-things-x-no-boundaries/,https://i.pinimg.com/200x150/7c/13/02/7c130280e7d7ddd943f76eb193ac74b1.jpg,2276641,0,12,,public,2025-10-27 18:23:58,Walmart,Walmart,https://i.pinimg.com/75x75_RS/7f/d2/07/7fd207a1929860fd93ec684eb717a4b4.jpg
112027178170274208,Stranger Things x No Boundaries,"Exclusive fashion, legendary merch & more. Who knew?",/Walmart/stranger-things-x-no-boundaries/,https://i.pinimg.com/200x150/7c/13/02/7c130280e7d7ddd943f76eb193ac74b1.jpg,2276641,0,12,,public,2025-10-27 18:23:58,Walmart,Walmart,https://i.pinimg.com/75x75_RS/7f/d2/07/7fd207a1929860fd93ec684eb717a4b4.jpg
112027178170277195,WhoKnewVille Phone Wallpapers,,/Walmart/whoknewville-phone-wallpapers/,https://i.pinimg.com/200x150/e4/02/8d/e4028dcc97c0bcd85bd3ea205869ae6b.jpg,2276642,0,4,,public,2025-11-17 15:13:29,Walmart,Walmart,https://i.pinimg.com/75x75_RS/7f/d2/07/7fd207a1929860fd93ec684eb717a4b4.jpg
112027178170277195,WhoKnewVille Phone Wallpapers,,/Walmart/whoknewville-phone-wallpapers/,https://i.pinimg.com/200x150/e4/02/8d/e4028dcc97c0bcd85bd3ea205869ae6b.jpg,2276642,0,4,,public,2025-11-17 15:13:29,Walmart,Walmart,https://i.pinimg.com/75x75_RS/7f/d2/07/7fd207a1929860fd93ec684eb717a4b4.jpg
112027178170277195,WhoKnewVille Phone Wallpapers,,/Walmart/whoknewville-phone-wallpapers/,https://i.pinimg.com/200x150/e4/02/8d/e4028dcc97c0bcd85bd3ea205869ae6b.jpg,2276642,0,4,,public,2025-11-17 15:13:29,Walmart,Walmart,https://i.pinimg.com/75x75_RS/7f/d2/07/7fd207a1929860fd93ec684eb717a4b4.jpg
112027178170277195,WhoKnewVille Phone Wallpapers,,/Walmart/whoknewville-phone-wallpapers/,https://i.pinimg.com/200x150/e4/02/8d/e4028dcc97c0bcd85bd3ea205869ae6b.jpg,2276642,0,4,,public,2025-11-17 15:13:29,Walmart,Walmart,https://i.pinimg.com/75x75_RS/7f/d2/07/7fd207a1929860fd93ec684eb717a4b4.jpg
112027178170278540,Holiday Inspo,,/Walmart/holiday-inspo/,https://i.pinimg.com/200x150/8b/70/bf/8b70bf56b33972465688d02dcbb750be.jpg,2276641,0,8,,public,2025-12-17 17:53:57,Walmart,Walmart,https://i.pinimg.com/75x75_RS/7f/d2/07/7fd207a1929860fd93ec684eb717a4b4.jpg
112027178170278540,Holiday Inspo,,/Walmart/holiday-inspo/,https://i.pinimg.com/200x150/8b/70/bf/8b70bf56b33972465688d02dcbb750be.jpg,2276641,0,8,,public,2025-12-17 17:53:57,Walmart,Walmart,https://i.pinimg.com/75x75_RS/7f/d2/07/7fd207a1929860fd93ec684eb717a4b4.jpg
112027178170278540,Holiday Inspo,,/Walmart/holiday-inspo/,https://i.pinimg.com/200x150/8b/70/bf/8b70bf56b33972465688d02dcbb750be.jpg,2276641,0,8,,public,2025-12-17 17:53:57,Walmart,Walmart,https://i.pinimg.com/75x75_RS/7f/d2/07/7fd207a1929860fd93ec684eb717a4b4.jpg
112027178170278540,Holiday Inspo,,/Walmart/holiday-inspo/,https://i.pinimg.com/200x150/8b/70/bf/8b70bf56b33972465688d02dcbb750be.jpg,2276641,0,8,,public,2025-12-17 17:53:57,Walmart,Walmart,https://i.pinimg.com/75x75_RS/7f/d2/07/7fd207a1929860fd93ec684eb717a4b4.jpg
112027178170278540,Holiday Inspo,,/Walmart/holiday-inspo/,https://i.pinimg.com/200x150/8b/70/bf/8b70bf56b33972465688d02dcbb750be.jpg,2276641,0,8,,public,2025-12-17 17:53:57,Walmart,Walmart,https://i.pinimg.com/75x75_RS/7f/d2/07/7fd207a1929860fd93ec684eb717a4b4.jpg
112027178170278540,Holiday Inspo,,/Walmart/holiday-inspo/,https://i.pinimg.com/200x150/8b/70/bf/8b70bf56b33972465688d02dcbb750be.jpg,2276641,0,8,,public,2025-12-17 17:53:57,Walmart,Walmart,https://i.pinimg.com/75x75_RS/7f/d2/07/7fd207a1929860fd93ec684eb717a4b4.jpg
112027178170279845,FY26 SMC Season,,/Walmart/fy26-smc-season/,https://i.pinimg.com/200x150/2f/79/79/2f797997f3e14f0a65fd0b717ba6ee70.jpg,2276642,0,2,,public,2026-04-27 17:57:25,Walmart,Walmart,https://i.pinimg.com/75x75_RS/7f/d2/07/7fd207a1929860fd93ec684eb717a4b4.jpg
112027178170279845,FY26 SMC Season,,/Walmart/fy26-smc-season/,https://i.pinimg.com/200x150/2f/79/79/2f797997f3e14f0a65fd0b717ba6ee70.jpg,2276642,0,2,,public,2026-04-27 17:57:25,Walmart,Walmart,https://i.pinimg.com/75x75_RS/7f/d2/07/7fd207a1929860fd93ec684eb717a4b4.jpg
